study,rr,var,rrinter,varinter,variable,management
106,0.173092751,0.003634099,-0.096666684,0.005099074,Yield,Organic fertilizer
106,0.076426067,0.001464975,,,Yield,Organic fertilizer
106,0.173092751,0.003634099,-0.073009293,0.004986082,Yield,Organic fertilizer
106,0.100083458,0.001351983,,,Yield,Organic fertilizer
147,-0.090384061,0.008592715,0.235374371,0.01718543,Yield,Organic fertilizer
147,0.14499031,0.008592715,,,Yield,Organic fertilizer
147,-0.090384061,0.008592715,0.221154292,0.01718543,Yield,Organic fertilizer
147,0.130770231,0.008592715,,,Yield,Organic fertilizer
147,-0.076961041,0.008592715,-0.045641281,0.01718543,Yield,Organic fertilizer
147,-0.122602322,0.008592715,,,Yield,Organic fertilizer
147,-0.076961041,0.008592715,0.036139046,0.01718543,Yield,Organic fertilizer
147,-0.040821995,0.008592715,,,Yield,Organic fertilizer
147,0.087011377,0.008592715,-0.006968669,0.01718543,Yield,Organic fertilizer
147,0.080042708,0.008592715,,,Yield,Organic fertilizer
147,0.087011377,0.008592715,-0.018491431,0.01718543,Yield,Organic fertilizer
147,0.068519946,0.008592715,,,Yield,Organic fertilizer
149,-0.095766905,0.009662001,0.087398655,0.031006936,Yield,Organic fertilizer
149,-0.00836825,0.021344935,,,Yield,Organic fertilizer
149,-0.09531018,0.014102777,0.083475722,0.054642307,Yield,Organic fertilizer
149,-0.011834458,0.04053953,,,Yield,Organic fertilizer
149,-0.127994001,0.004172614,0.030948212,0.009866782,Yield,Organic fertilizer
149,-0.097045789,0.005694168,,,Yield,Organic fertilizer
155,0.061875404,0.002611374,0.057076539,0.003391239,Yield,Organic fertilizer
155,0.118951943,0.000779865,,,Yield,Organic fertilizer
185,0.014561084,0.011456953,0.010738422,0.022913906,Yield,Organic fertilizer
185,0.025299506,0.011456953,,,Yield,Organic fertilizer
72,0.142316222,0.000970549,-0.018263573,0.001704409,Yield,Organic fertilizer
72,0.124052649,0.00073386,,,Yield,Organic fertilizer
106,0.1223702,0.001075374,-0.176154633,0.002573802,SOC,Organic fertilizer
106,-0.053784433,0.001498428,,,SOC,Organic fertilizer
106,0.1223702,0.001075374,-0.020662585,0.001592109,SOC,Organic fertilizer
106,0.101707615,0.000516735,,,SOC,Organic fertilizer
128,0.143811702,0.001454779,-0.167035629,0.002909558,SOC,Organic fertilizer
128,-0.023223927,0.001454779,,,SOC,Organic fertilizer
128,0.083728215,0.001454779,-0.278444297,0.002909558,SOC,Organic fertilizer
128,-0.194716082,0.001454779,,,SOC,Organic fertilizer
128,0.111488947,0.001454779,-0.172265556,0.002909558,SOC,Organic fertilizer
128,-0.060776609,0.001454779,,,SOC,Organic fertilizer
128,0.010664872,0.001454779,-0.071441481,0.002909558,SOC,Organic fertilizer
128,-0.060776609,0.001454779,,,SOC,Organic fertilizer
147,0.065804001,0.003273252,0,0.006546504,SOC,Organic fertilizer
147,0.065804001,0.003273252,,,SOC,Organic fertilizer
147,0.065804001,0.003273252,0,0.006546504,SOC,Organic fertilizer
147,0.065804001,0.003273252,,,SOC,Organic fertilizer
147,0.038779578,0.003273252,0,0.006546504,SOC,Organic fertilizer
147,0.038779578,0.003273252,,,SOC,Organic fertilizer
147,0.038779578,0.003273252,0,0.006546504,SOC,Organic fertilizer
147,0.038779578,0.003273252,,,SOC,Organic fertilizer
147,-0.058403533,0.003273252,0,0.006546504,SOC,Organic fertilizer
147,-0.058403533,0.003273252,,,SOC,Organic fertilizer
147,-0.058403533,0.003273252,0,0.006546504,SOC,Organic fertilizer
147,-0.058403533,0.003273252,,,SOC,Organic fertilizer
147,-0.032599772,0.003273252,0,0.006546504,SOC,Organic fertilizer
147,-0.032599772,0.003273252,,,SOC,Organic fertilizer
147,-0.032599772,0.003273252,0,0.006546504,SOC,Organic fertilizer
147,-0.032599772,0.003273252,,,SOC,Organic fertilizer
147,0.009615459,0.003273252,0,0.006546504,SOC,Organic fertilizer
147,0.009615459,0.003273252,,,SOC,Organic fertilizer
147,0.009615458,0.003273252,0,0.006546504,SOC,Organic fertilizer
147,0.009615458,0.003273252,,,SOC,Organic fertilizer
147,-0.013511252,0.003273252,0,0.006546504,SOC,Organic fertilizer
147,-0.013511252,0.003273252,,,SOC,Organic fertilizer
147,-0.013511252,0.003273252,0,0.006546504,SOC,Organic fertilizer
147,-0.013511252,0.003273252,,,SOC,Organic fertilizer
72,0.167054085,0.004364336,-0.095080585,0.008728672,SOC,Organic fertilizer
72,0.0719735,0.004364336,,,SOC,Organic fertilizer
72,0.15415068,0.004364336,-0.071458964,0.008728672,SOC,Organic fertilizer
72,0.082691716,0.004364336,,,SOC,Organic fertilizer
72,0.050010421,0.004364336,0.038937065,0.008728672,SOC,Organic fertilizer
72,0.088947486,0.004364336,,,SOC,Organic fertilizer
209,0.055721819,0.004364336,-0.111094868,0.008728672,SOC,Organic fertilizer
209,-0.055373049,0.004364336,,,SOC,Organic fertilizer
209,0.055721819,0.004364336,-0.068989618,0.008728672,SOC,Organic fertilizer
209,-0.013267799,0.004364336,,,SOC,Organic fertilizer
209,0.01166842,0.004364336,-0.04668526,0.008728672,SOC,Organic fertilizer
209,-0.03501684,0.004364336,,,SOC,Organic fertilizer
209,0.01166842,0.004364336,-0.026503306,0.008728672,SOC,Organic fertilizer
209,-0.014834886,0.004364336,,,SOC,Organic fertilizer
44,-0.430102412,0.064596939,0.435464355,0.129193878,N2O,Organic fertilizer
44,0.005361943,0.064596939,,,N2O,Organic fertilizer
67,0,0.064596955,0,0.12919391,N2O,Organic fertilizer
67,0,0.064596955,,,N2O,Organic fertilizer
67,0,0.064596955,0,0.12919391,N2O,Organic fertilizer
67,0,0.064596955,,,N2O,Organic fertilizer
67,1.871802178,0.064596938,-2.325820511,0.129193877,N2O,Organic fertilizer
67,-0.454018333,0.064596939,,,N2O,Organic fertilizer
67,1.871802178,0.064596938,-1.680263966,0.129193877,N2O,Organic fertilizer
67,0.191538212,0.064596939,,,N2O,Organic fertilizer
67,-0.530628254,0.064596938,0.59731963,0.129193876,N2O,Organic fertilizer
67,0.066691376,0.064596938,,,N2O,Organic fertilizer
67,-0.530628254,0.064596938,-4.550776129,0.129193885,N2O,Organic fertilizer
67,-5.081404383,0.064596947,,,N2O,Organic fertilizer
67,2.273597555,0.064596938,-4.0122472,0.129193876,N2O,Organic fertilizer
67,-1.738649645,0.064596938,,,N2O,Organic fertilizer
67,2.273597555,0.064596938,0.648026741,0.129193877,N2O,Organic fertilizer
67,2.921624296,0.064596939,,,N2O,Organic fertilizer
67,0.200670695,0.064596939,-0.064026369,0.129193878,N2O,Organic fertilizer
67,0.136644326,0.064596939,,,N2O,Organic fertilizer
67,0.200670695,0.064596939,-1.657032619,0.129193878,N2O,Organic fertilizer
67,-1.456361924,0.064596939,,,N2O,Organic fertilizer
67,-1.79175947,0.064596939,2.128570173,0.129193878,N2O,Organic fertilizer
67,0.336810703,0.064596939,,,N2O,Organic fertilizer
67,-1.79175947,0.064596939,3.248896842,0.129193878,N2O,Organic fertilizer
67,1.457137372,0.064596939,,,N2O,Organic fertilizer
67,2.302585093,0.064596939,-3.834387038,0.129193878,N2O,Organic fertilizer
67,-1.531801945,0.064596939,,,N2O,Organic fertilizer
67,2.302585093,0.064596939,-1.650343411,0.129193878,N2O,Organic fertilizer
67,0.652241682,0.064596939,,,N2O,Organic fertilizer
46,1.163150809,0.064596939,0.21056477,0.129193878,N2O,Organic fertilizer
46,1.373715579,0.064596939,,,N2O,Organic fertilizer
46,1.620487748,0.064596939,-0.018218325,0.129193878,N2O,Organic fertilizer
46,1.602269423,0.064596939,,,N2O,Organic fertilizer
90,0.349375641,0.115203732,-0.64469717,0.158233814,N2O,Organic fertilizer
90,-0.295321529,0.043030082,,,N2O,Organic fertilizer
90,1.086417016,0.092037741,-0.768378481,0.133796585,N2O,Organic fertilizer
90,0.318038535,0.041758844,,,N2O,Organic fertilizer
90,1.210316278,0.114041548,-0.514888595,0.156645751,N2O,Organic fertilizer
90,0.695427683,0.042604203,,,N2O,Organic fertilizer
90,0.349375641,0.115203732,-0.527930715,0.160600564,N2O,Organic fertilizer
90,-0.178555074,0.045396832,,,N2O,Organic fertilizer
90,1.086417016,0.092037741,-0.78468319,0.135611266,N2O,Organic fertilizer
90,0.301733826,0.043573525,,,N2O,Organic fertilizer
90,1.210316278,0.114041548,-0.648008698,0.157380177,N2O,Organic fertilizer
90,0.56230758,0.043338629,,,N2O,Organic fertilizer
147,-0.086292771,0.064596938,-0.141645955,0.129193877,N2O,Organic fertilizer
147,-0.227938726,0.064596939,,,N2O,Organic fertilizer
147,-0.086292771,0.064596938,-0.492495477,0.129193877,N2O,Organic fertilizer
147,-0.578788248,0.064596939,,,N2O,Organic fertilizer
147,-0.430721987,0.064596938,0.039299237,0.129193877,N2O,Organic fertilizer
147,-0.39142275,0.064596939,,,N2O,Organic fertilizer
147,-0.430721987,0.064596938,0.232361367,0.129193877,N2O,Organic fertilizer
147,-0.19836062,0.064596939,,,N2O,Organic fertilizer
149,0.604954468,0.823875325,-0.937893132,3.006050713,N2O,Organic fertilizer
149,-0.332938664,2.182175388,,,N2O,Organic fertilizer
149,0.10880286,0.651795314,-0.088600153,1.065093477,N2O,Organic fertilizer
149,0.020202707,0.413298163,,,N2O,Organic fertilizer
149,0.380359187,0.72090022,-0.277997174,0.956076616,N2O,Organic fertilizer
149,0.102362013,0.235176396,,,N2O,Organic fertilizer
155,0.657640492,0.033361318,0.230998708,0.075549536,N2O,Organic fertilizer
155,0.8886392,0.042188218,,,N2O,Organic fertilizer
167,0.370373789,0.129193877,0.378564751,0.258387754,N2O,Organic fertilizer
167,0.74893854,0.129193877,,,N2O,Organic fertilizer
167,-0.606135804,0.129193878,1.299282985,0.258387756,N2O,Organic fertilizer
167,0.693147181,0.129193878,,,N2O,Organic fertilizer
147,1.84582667,0.092173115,2.00E-08,0.18434624,CH4,Organic fertilizer
147,1.84582669,0.092173125,,,CH4,Organic fertilizer
147,1.84582667,0.092173115,-3.691653376,0.184346242,CH4,Organic fertilizer
147,-1.845826706,0.092173127,,,CH4,Organic fertilizer
149,0.554708016,0.079157961,-0.484724723,0.167399184,CH4,Organic fertilizer
149,0.069983293,0.088241223,,,CH4,Organic fertilizer
149,0.522852025,0.067653756,-0.434987855,0.572310217,CH4,Organic fertilizer
149,0.08786417,0.504656461,,,CH4,Organic fertilizer
149,0.571521661,0.096419143,-1.054373433,1.08826743,CH4,Organic fertilizer
149,-0.482851772,0.991848287,,,CH4,Organic fertilizer
106,-0.017291497,0.000877704,0.006421825,0.005562924,MWD,Organic fertilizer
106,-0.010869672,0.00468522,,,MWD,Organic fertilizer
106,-0.017291497,0.000877704,0.165507441,0.007717332,MWD,Organic fertilizer
106,0.148215944,0.006839628,,,MWD,Organic fertilizer
72,0.203427688,0.010988094,-0.053182814,0.021976188,MWD,Organic fertilizer
72,0.150244874,0.010988094,,,MWD,Organic fertilizer
72,0.121945766,0.010988094,0.09034216,0.021976188,MWD,Organic fertilizer
72,0.212287926,0.010988094,,,MWD,Organic fertilizer
72,0.084652885,0.010988094,0.038308826,0.021976188,MWD,Organic fertilizer
72,0.122961711,0.010988094,,,MWD,Organic fertilizer
72,0.087011377,0.010988094,0.049765335,0.021976188,MWD,Organic fertilizer
72,0.136776712,0.010988094,,,MWD,Organic fertilizer
209,0.045572597,0.010988094,-0.135324119,0.021976188,MWD,Organic fertilizer
209,-0.089751522,0.010988094,,,MWD,Organic fertilizer
209,0.045572597,0.010988094,-0.119464314,0.021976188,MWD,Organic fertilizer
209,-0.073891717,0.010988094,,,MWD,Organic fertilizer
20,-0.245122458,0.008592715,0.245122458,0.01718543,Yield,Conservation tillage
20,0,0.008592715,,,Yield,Conservation tillage
20,-0.090971778,0.008592715,0.090971778,0.01718543,Yield,Conservation tillage
20,0,0.008592715,,,Yield,Conservation tillage
20,0,0.008592715,-0.255933374,0.01718543,Yield,Conservation tillage
20,-0.255933374,0.008592715,,,Yield,Conservation tillage
20,0.231801614,0.008592715,-0.264591437,0.01718543,Yield,Conservation tillage
20,-0.032789823,0.008592715,,,Yield,Conservation tillage
40,-0.330241687,0.011456953,0.345745873,0.022913906,Yield,Conservation tillage
40,0.015504187,0.011456953,,,Yield,Conservation tillage
40,-0.326902786,0.011456953,0.409899705,0.022913906,Yield,Conservation tillage
40,0.08299692,0.011456953,,,Yield,Conservation tillage
69,-0.150935243,0.005728477,0.094521154,0.011456953,Yield,Conservation tillage
69,-0.056414089,0.005728477,,,Yield,Conservation tillage
69,-0.027664281,0.005728477,0.055751863,0.011456953,Yield,Conservation tillage
69,0.028087582,0.005728477,,,Yield,Conservation tillage
69,-0.019583427,0.005728477,0.016080796,0.011456953,Yield,Conservation tillage
69,-0.003502631,0.005728477,,,Yield,Conservation tillage
69,-0.171108692,0.005728477,0.082087841,0.011456953,Yield,Conservation tillage
69,-0.089020851,0.005728477,,,Yield,Conservation tillage
69,-0.010347469,0.005728477,-0.030732557,0.011456953,Yield,Conservation tillage
69,-0.041080026,0.005728477,,,Yield,Conservation tillage
69,0.020906685,0.005728477,-0.23497694,0.011456953,Yield,Conservation tillage
69,-0.214070255,0.005728477,,,Yield,Conservation tillage
69,-0.073938428,0.005728477,0.011074057,0.011456953,Yield,Conservation tillage
69,-0.062864371,0.005728477,,,Yield,Conservation tillage
118,0.294602515,0.021338015,-0.236494884,0.036025006,Yield,Conservation tillage
118,0.058107631,0.01468699,,,Yield,Conservation tillage
127,0.058410762,0.008592715,-0.013515442,0.01718543,Yield,Conservation tillage
127,0.04489532,0.008592715,,,Yield,Conservation tillage
127,0.16907633,0.008592715,-0.085898823,0.01718543,Yield,Conservation tillage
127,0.083177507,0.008592715,,,Yield,Conservation tillage
127,0.194156015,0.008592715,0.068992871,0.01718543,Yield,Conservation tillage
127,0.263148886,0.008592715,,,Yield,Conservation tillage
127,-0.032365285,0.008592715,0.175156003,0.01718543,Yield,Conservation tillage
127,0.142790718,0.008592715,,,Yield,Conservation tillage
127,0.025158559,0.008592715,0.063788927,0.01718543,Yield,Conservation tillage
127,0.088947486,0.008592715,,,Yield,Conservation tillage
127,0.034432196,0.008592715,0.318514877,0.01718543,Yield,Conservation tillage
127,0.352947074,0.008592715,,,Yield,Conservation tillage
127,0.058410762,0.008592715,-0.038208055,0.01718543,Yield,Conservation tillage
127,0.020202707,0.008592715,,,Yield,Conservation tillage
127,0.16907633,0.008592715,-0.068215719,0.01718543,Yield,Conservation tillage
127,0.10086061,0.008592715,,,Yield,Conservation tillage
127,0.194156015,0.008592715,-0.015241616,0.01718543,Yield,Conservation tillage
127,0.178914399,0.008592715,,,Yield,Conservation tillage
127,-0.032365285,0.008592715,0.136215226,0.01718543,Yield,Conservation tillage
127,0.103849941,0.008592715,,,Yield,Conservation tillage
127,0.025158559,0.008592715,0.078691382,0.01718543,Yield,Conservation tillage
127,0.103849941,0.008592715,,,Yield,Conservation tillage
127,0.034432196,0.008592715,0.099570783,0.01718543,Yield,Conservation tillage
127,0.134002979,0.008592715,,,Yield,Conservation tillage
137,-0.392042088,0.008592715,0.296731908,0.01718543,Yield,Conservation tillage
137,-0.09531018,0.008592715,,,Yield,Conservation tillage
137,-0.720546155,0.008592715,0.268561031,0.01718543,Yield,Conservation tillage
137,-0.451985124,0.008592715,,,Yield,Conservation tillage
137,-0.042559614,0.008592715,0.042559614,0.01718543,Yield,Conservation tillage
137,0,0.008592715,,,Yield,Conservation tillage
137,0.040821995,0.008592715,-0.120864702,0.01718543,Yield,Conservation tillage
137,-0.080042708,0.008592715,,,Yield,Conservation tillage
139,0.004728141,0.008592715,0.04819426,0.01718543,Yield,Conservation tillage
139,0.052922401,0.008592715,,,Yield,Conservation tillage
139,-0.019934215,0.008592715,-0.114452976,0.01718543,Yield,Conservation tillage
139,-0.134387191,0.008592715,,,Yield,Conservation tillage
139,-0.010050336,0.008592715,0.080254595,0.01718543,Yield,Conservation tillage
139,0.070204259,0.008592715,,,Yield,Conservation tillage
139,0.040372455,0.008592715,-0.130756517,0.01718543,Yield,Conservation tillage
139,-0.090384061,0.008592715,,,Yield,Conservation tillage
139,-0.209720531,0.008592715,0.167160917,0.01718543,Yield,Conservation tillage
139,-0.042559614,0.008592715,,,Yield,Conservation tillage
139,0.270027137,0.008592715,-0.461449212,0.01718543,Yield,Conservation tillage
139,-0.191422075,0.008592715,,,Yield,Conservation tillage
50,-0.033901552,0.001344402,-0.018284201,0.002708243,Yield,Conservation tillage
50,-0.052185753,0.00136384,,,Yield,Conservation tillage
50,0,0.006377551,0,0.011377551,Yield,Conservation tillage
50,0,0.005,,,Yield,Conservation tillage
50,-0.029413885,0.000340914,0.029413885,0.000660914,Yield,Conservation tillage
50,0,0.00032,,,Yield,Conservation tillage
50,-0.022472856,0.001285647,-0.000516662,0.00298867,Yield,Conservation tillage
50,-0.022989518,0.001703023,,,Yield,Conservation tillage
125,-1.189374005,0.011456953,0.86685798,0.022913906,Yield,Conservation tillage
125,-0.322516025,0.011456953,,,Yield,Conservation tillage
189,-0.016609458,0.004789141,0.195611279,0.010395348,Yield,Conservation tillage
189,0.179001821,0.005606207,,,Yield,Conservation tillage
38,-0.094081099,0.001603887,0.048634253,0.003283169,Yield,Conservation tillage
38,-0.045446847,0.001679282,,,Yield,Conservation tillage
190,0.061840511,0.002179492,-0.347487995,0.011242262,Yield,Conservation tillage
190,-0.285647484,0.009062771,,,Yield,Conservation tillage
20,0.10633565,0.003273252,-0.091520564,0.006546503,SOC,Conservation tillage
20,0.014815086,0.003273252,,,SOC,Conservation tillage
20,0.088636073,0.003273252,-0.111278549,0.006546503,SOC,Conservation tillage
20,-0.022642477,0.003273252,,,SOC,Conservation tillage
20,0.070951736,0.003273252,-0.050417134,0.006546503,SOC,Conservation tillage
20,0.020534602,0.003273252,,,SOC,Conservation tillage
20,0.066375069,0.003273252,-0.089461089,0.006546503,SOC,Conservation tillage
20,-0.02308602,0.003273252,,,SOC,Conservation tillage
20,0.052870333,0.003273252,-0.017213882,0.006546503,SOC,Conservation tillage
20,0.035656451,0.003273252,,,SOC,Conservation tillage
20,0.063591103,0.003273252,-0.018935716,0.006546503,SOC,Conservation tillage
20,0.044655387,0.003273252,,,SOC,Conservation tillage
26,0.198378994,0.003273252,-0.029364508,0.006546503,SOC,Conservation tillage
26,0.169014485,0.003273252,,,SOC,Conservation tillage
26,0.166065166,0.003273252,-0.338511975,0.006546503,SOC,Conservation tillage
26,-0.172446809,0.003273252,,,SOC,Conservation tillage
26,0.184093037,0.001508027,0.025880052,0.00293669,SOC,Conservation tillage
26,0.209973088,0.001428663,,,SOC,Conservation tillage
26,0.16034265,0.002757154,-0.020813238,0.004856605,SOC,Conservation tillage
26,0.139529412,0.002099451,,,SOC,Conservation tillage
40,0.139355521,0.004364336,-0.158224005,0.008728671,SOC,Conservation tillage
40,-0.018868484,0.004364336,,,SOC,Conservation tillage
40,-0.012149057,0.004364336,0,0.008728671,SOC,Conservation tillage
40,-0.012149057,0.004364336,,,SOC,Conservation tillage
69,0.00793655,0.002182168,0.008758329,0.004364336,SOC,Conservation tillage
69,0.016694879,0.002182168,,,SOC,Conservation tillage
69,0.185998032,0.002182168,-0.123721102,0.004364336,SOC,Conservation tillage
69,0.06227693,0.002182168,,,SOC,Conservation tillage
69,0.146860247,0.002182168,-0.175031124,0.004364336,SOC,Conservation tillage
69,-0.028170877,0.002182168,,,SOC,Conservation tillage
69,0.06701071,0.002182168,0.038908309,0.004364336,SOC,Conservation tillage
69,0.105919019,0.002182168,,,SOC,Conservation tillage
69,0.063421826,0.002182168,0.02314619,0.004364336,SOC,Conservation tillage
69,0.086568016,0.002182168,,,SOC,Conservation tillage
69,-0.059316577,0.002182168,0.1031192,0.004364336,SOC,Conservation tillage
69,0.043802623,0.002182168,,,SOC,Conservation tillage
118,-0.014878064,0.012527466,0.045337272,0.030439415,SOC,Conservation tillage
118,0.030459207,0.017911949,,,SOC,Conservation tillage
118,0.016529302,0.014511249,-0.055428782,0.031743778,SOC,Conservation tillage
118,-0.03889948,0.017232528,,,SOC,Conservation tillage
118,-0.091072885,0.006765694,0.012328518,0.009977278,SOC,Conservation tillage
118,-0.078744368,0.003211584,,,SOC,Conservation tillage
124,0.012270093,0.004364336,0.085368377,0.008728671,SOC,Conservation tillage
124,0.09763847,0.004364336,,,SOC,Conservation tillage
124,-0.00619197,0.004364336,0.056202391,0.008728671,SOC,Conservation tillage
124,0.05001042,0.004364336,,,SOC,Conservation tillage
137,0.087685005,0.003273252,-4.17E-10,0.006546503,SOC,Conservation tillage
137,0.087685004,0.003273252,,,SOC,Conservation tillage
137,0.109663911,0.003273252,-1.63E-10,0.006546503,SOC,Conservation tillage
137,0.109663911,0.003273252,,,SOC,Conservation tillage
137,0.059255696,0.003273252,1.81E-11,0.006546503,SOC,Conservation tillage
137,0.059255696,0.003273252,,,SOC,Conservation tillage
137,0.107393332,0.003273252,8.86E-11,0.006546503,SOC,Conservation tillage
137,0.107393332,0.003273252,,,SOC,Conservation tillage
137,0.055814779,0.003273252,5.31E-11,0.006546503,SOC,Conservation tillage
137,0.055814779,0.003273252,,,SOC,Conservation tillage
137,0.072812356,0.003273252,1.45E-11,0.006546503,SOC,Conservation tillage
137,0.072812356,0.003273252,,,SOC,Conservation tillage
125,-0.021739987,0.004364336,-0.039220713,0.008728671,SOC,Conservation tillage
125,-0.0609607,0.004364336,,,SOC,Conservation tillage
175,0.205980531,0.003273252,-0.112295047,0.006546503,SOC,Conservation tillage
175,0.093685484,0.003273252,,,SOC,Conservation tillage
175,0.076039807,0.003273252,0.005832728,0.006546503,SOC,Conservation tillage
175,0.081872534,0.003273252,,,SOC,Conservation tillage
175,-0.03679434,0.003273252,0.011060645,0.006546503,SOC,Conservation tillage
175,-0.025733695,0.003273252,,,SOC,Conservation tillage
175,-0.05709682,0.003273252,0.017400318,0.006546503,SOC,Conservation tillage
175,-0.039696502,0.003273252,,,SOC,Conservation tillage
176,0.072072348,0.003273252,0.004546689,0.006546503,SOC,Conservation tillage
176,0.076619037,0.003273252,,,SOC,Conservation tillage
176,-0.067468868,0.003273252,0.121384227,0.006546503,SOC,Conservation tillage
176,0.053915359,0.003273252,,,SOC,Conservation tillage
176,0.147007792,0.003273252,-0.067719952,0.006546503,SOC,Conservation tillage
176,0.07928784,0.003273252,,,SOC,Conservation tillage
191,-0.005420067,0.004364336,0.082579148,0.008728671,SOC,Conservation tillage
191,0.077159081,0.004364336,,,SOC,Conservation tillage
191,0.066691374,0.004364336,-0.055196995,0.008728671,SOC,Conservation tillage
191,0.011494379,0.004364336,,,SOC,Conservation tillage
191,-0.057819571,0.004364336,0.033428118,0.008728671,SOC,Conservation tillage
191,-0.024391453,0.004364336,,,SOC,Conservation tillage
194,0.117783036,0.004364336,0.032697915,0.008728671,SOC,Conservation tillage
194,0.150480951,0.004364336,,,SOC,Conservation tillage
194,0.117783036,0.004364336,-0.027269028,0.008728671,SOC,Conservation tillage
194,0.090514008,0.004364336,,,SOC,Conservation tillage
197,0.11868597,0.004364336,0.060279879,0.008728671,SOC,Conservation tillage
197,0.178965849,0.004364336,,,SOC,Conservation tillage
197,0.024097552,0.004364336,-0.052124864,0.008728671,SOC,Conservation tillage
197,-0.028027312,0.004364336,,,SOC,Conservation tillage
197,0.035932009,0.004364336,-0.100805595,0.008728671,SOC,Conservation tillage
197,-0.064873586,0.004364336,,,SOC,Conservation tillage
197,0.221516212,0.004364336,-0.146511298,0.008728671,SOC,Conservation tillage
197,0.075004914,0.004364336,,,SOC,Conservation tillage
197,0.051496526,0.004364336,-0.214902636,0.008728671,SOC,Conservation tillage
197,-0.16340611,0.004364336,,,SOC,Conservation tillage
197,0.130879575,0.004364336,-0.035569395,0.008728671,SOC,Conservation tillage
197,0.09531018,0.004364336,,,SOC,Conservation tillage
197,0.012631747,0.004364336,0.034251839,0.008728671,SOC,Conservation tillage
197,0.046883586,0.004364336,,,SOC,Conservation tillage
197,0.020965128,0.004364336,0.120534434,0.008728671,SOC,Conservation tillage
197,0.141499562,0.004364336,,,SOC,Conservation tillage
197,0.188657375,0.004364336,-0.016386154,0.008728671,SOC,Conservation tillage
197,0.172271221,0.004364336,,,SOC,Conservation tillage
197,0.08524428,0.004364336,0.006422909,0.008728671,SOC,Conservation tillage
197,0.091667189,0.004364336,,,SOC,Conservation tillage
197,0.148096171,0.004364336,-0.073988199,0.008728671,SOC,Conservation tillage
197,0.074107972,0.004364336,,,SOC,Conservation tillage
197,0.059242834,0.004364336,0.103276096,0.008728671,SOC,Conservation tillage
197,0.162518929,0.004364336,,,SOC,Conservation tillage
197,0.085445206,0.004364336,0.069351677,0.008728671,SOC,Conservation tillage
197,0.154796883,0.004364336,,,SOC,Conservation tillage
197,0.059242834,0.004364336,0.133581445,0.008728671,SOC,Conservation tillage
197,0.192824279,0.004364336,,,SOC,Conservation tillage
197,0.148096171,0.004364336,-0.008924605,0.008728671,SOC,Conservation tillage
197,0.139171566,0.004364336,,,SOC,Conservation tillage
199,0.0179492,0.003273252,-0.014431166,0.006546503,SOC,Conservation tillage
199,0.003518034,0.003273252,,,SOC,Conservation tillage
199,0.101991328,0.003273252,-0.066505129,0.006546503,SOC,Conservation tillage
199,0.035486199,0.003273252,,,SOC,Conservation tillage
199,0.004150614,0.003273252,-0.01924524,0.006546503,SOC,Conservation tillage
199,-0.015094626,0.003273252,,,SOC,Conservation tillage
199,-0.002081785,0.003273252,-0.02923021,0.006546503,SOC,Conservation tillage
199,-0.031311995,0.003273252,,,SOC,Conservation tillage
207,-0.045809536,0.023644603,0.127726659,0.076993028,SOC,Conservation tillage
207,0.081917122,0.053348425,,,SOC,Conservation tillage
207,0.049761509,0.034542783,-0.226040751,0.185150695,SOC,Conservation tillage
207,-0.176279242,0.150607912,,,SOC,Conservation tillage
20,-0.223143551,0.064596939,0.557015006,0.129193877,N2O,Conservation tillage
20,0.333871455,0.064596939,,,N2O,Conservation tillage
20,-0.533683762,0.064596939,0.685233659,0.129193877,N2O,Conservation tillage
20,0.151549898,0.064596939,,,N2O,Conservation tillage
27,0.380772496,0.001705995,-0.124052649,0.003724873,N2O,Conservation tillage
27,0.256719847,0.002018878,,,N2O,Conservation tillage
11,0.811087573,0.304414628,-0.869612818,0.482597075,N2O,Conservation tillage
11,-0.058525245,0.178182447,,,N2O,Conservation tillage
11,0.080945924,0.189338358,-0.0810635,0.449537109,N2O,Conservation tillage
11,-0.000117576,0.260198751,,,N2O,Conservation tillage
11,0.883930712,0.54278906,-0.539403798,0.709573373,N2O,Conservation tillage
11,0.344526914,0.166784313,,,N2O,Conservation tillage
40,0.2135741,0.042198339,-0.167054085,0.111537368,N2O,Conservation tillage
40,0.046520016,0.06933903,,,N2O,Conservation tillage
40,0.064538521,0.102296008,-0.330241687,0.249368053,N2O,Conservation tillage
40,-0.265703166,0.147072045,,,N2O,Conservation tillage
90,-0.202417421,0.065304161,-0.092904108,0.108334243,N2O,Conservation tillage
90,-0.295321529,0.043030082,,,N2O,Conservation tillage
90,-0.010526413,0.066192994,0.328564948,0.107951838,N2O,Conservation tillage
90,0.318038535,0.041758844,,,N2O,Conservation tillage
90,0.26918749,0.065750384,0.426240193,0.108354586,N2O,Conservation tillage
90,0.695427683,0.042604203,,,N2O,Conservation tillage
50,0.119545151,0.064596939,-0.04432173,0.129193877,N2O,Conservation tillage
50,0.075223421,0.064596939,,,N2O,Conservation tillage
50,0,0.064596938,-0.69314718,0.129193877,N2O,Conservation tillage
50,-0.69314718,0.064596938,,,N2O,Conservation tillage
50,-0.042925045,0.064596939,-0.531616393,0.129193877,N2O,Conservation tillage
50,-0.574541438,0.064596939,,,N2O,Conservation tillage
167,0.370373789,0.129193877,-0.976509593,0.258387755,N2O,Conservation tillage
167,-0.606135804,0.129193878,,,N2O,Conservation tillage
167,0.74893854,0.129193877,-0.05579136,0.258387755,N2O,Conservation tillage
167,0.693147181,0.129193878,,,N2O,Conservation tillage
20,-1.277842653,0.092173122,1.636849506,0.184346244,CH4,Conservation tillage
20,0.359006853,0.092173122,,,CH4,Conservation tillage
27,0.673878762,0.001642934,-0.049860776,0.003311583,CH4,Conservation tillage
27,0.624017986,0.001668649,,,CH4,Conservation tillage
11,2.944439003,21.48938255,-1.047319017,29.85271588,CH4,Conservation tillage
11,1.897119986,8.363333333,,,CH4,Conservation tillage
11,-0.051293297,0.456881346,0.002503134,0.614621331,CH4,Conservation tillage
11,-0.048790163,0.157739984,,,CH4,Conservation tillage
40,0.510825624,1.89437586,-0.693147181,2.219821676,CH4,Conservation tillage
40,-0.182321557,0.325445816,,,CH4,Conservation tillage
40,0.459532329,5.33635349,-0.628608659,11.08847859,CH4,Conservation tillage
40,-0.16907633,5.7521251,,,CH4,Conservation tillage
137,0.114895748,0.00824107,1.22E-09,0.016482141,MWD,Conservation tillage
137,0.114895749,0.00824107,,,MWD,Conservation tillage
137,0.224340438,0.00824107,1.04E-09,0.016482141,MWD,Conservation tillage
137,0.224340439,0.00824107,,,MWD,Conservation tillage
137,0.061414644,0.00824107,9.96E-10,0.016482141,MWD,Conservation tillage
137,0.061414645,0.00824107,,,MWD,Conservation tillage
137,0.141179613,0.00824107,1.90E-09,0.016482141,MWD,Conservation tillage
137,0.141179615,0.00824107,,,MWD,Conservation tillage
137,-0.035664999,0.00824107,1.09E-09,0.016482141,MWD,Conservation tillage
137,-0.035664998,0.00824107,,,MWD,Conservation tillage
137,-0.011747565,0.00824107,0,0.016482141,MWD,Conservation tillage
137,-0.011747565,0.00824107,,,MWD,Conservation tillage
125,-0.084993213,0.010988094,-0.058107631,0.021976188,MWD,Conservation tillage
125,-0.143100844,0.010988094,,,MWD,Conservation tillage
174,-0.161366192,0.030490154,-0.511342321,0.045949455,MWD,Conservation tillage
174,-0.672708512,0.015459301,,,MWD,Conservation tillage
174,0.220787838,0.021049802,-0.690201671,0.067362371,MWD,Conservation tillage
174,-0.469413833,0.046312569,,,MWD,Conservation tillage
174,-0.161366192,0.030490154,-0.03855907,0.062633268,MWD,Conservation tillage
174,-0.199925261,0.032143113,,,MWD,Conservation tillage
174,-0.161366192,0.030490154,-0.03855907,0.062633268,MWD,Conservation tillage
174,-0.199925261,0.032143113,,,MWD,Conservation tillage
176,-0.013187004,0.00286626,0.114969699,0.004672679,MWD,Conservation tillage
176,0.101782694,0.00180642,,,MWD,Conservation tillage
176,-0.049226941,0.004452987,0.007554245,0.012971594,MWD,Conservation tillage
176,-0.041672696,0.008518607,,,MWD,Conservation tillage
176,0.083730893,0.002164965,0.118793371,0.00429117,MWD,Conservation tillage
176,0.202524264,0.002126205,,,MWD,Conservation tillage
194,0.013072082,0.010988094,-0.05431504,0.021976188,MWD,Conservation tillage
194,-0.041242959,0.010988094,,,MWD,Conservation tillage
194,0.013072082,0.010988094,-0.095908087,0.021976188,MWD,Conservation tillage
194,-0.082836006,0.010988094,,,MWD,Conservation tillage
199,0.014815086,0.00824107,0.205727684,0.016482141,MWD,Conservation tillage
199,0.22054277,0.00824107,,,MWD,Conservation tillage
199,-0.053652713,0.00824107,0.28969967,0.016482141,MWD,Conservation tillage
199,0.236046956,0.00824107,,,MWD,Conservation tillage
199,0.080538862,0.00824107,0.169198278,0.016482141,MWD,Conservation tillage
199,0.249737141,0.00824107,,,MWD,Conservation tillage
199,0.244841914,0.00824107,0.200025742,0.016482141,MWD,Conservation tillage
199,0.444867656,0.00824107,,,MWD,Conservation tillage
207,-0.109199292,0.012180836,0.003838776,0.051906487,MWD,Conservation tillage
207,-0.105360516,0.039725652,,,MWD,Conservation tillage
207,0.023530497,0.035571106,0.037094124,0.082337975,MWD,Conservation tillage
207,0.060624622,0.046766869,,,MWD,Conservation tillage
35,0.458574933,0.011456953,0.01378441,0.022913906,Yield,Intermittent irrigation
35,0.472359343,0.011456953,,,Yield,Intermittent irrigation
35,0.283126256,0.011456953,0.037041272,0.022913906,Yield,Intermittent irrigation
35,0.320167528,0.011456953,,,Yield,Intermittent irrigation
35,0.197359434,0.011456953,0.037041272,0.022913906,Yield,Intermittent irrigation
35,0.234400706,0.011456953,,,Yield,Intermittent irrigation
149,-0.00836825,0.021344935,-0.003466208,0.061884465,Yield,Intermittent irrigation
149,-0.011834458,0.04053953,,,Yield,Intermittent irrigation
149,-0.095766905,0.009662001,0.000456725,0.023764778,Yield,Intermittent irrigation
149,-0.09531018,0.014102777,,,Yield,Intermittent irrigation
35,0.240279834,0.004364336,0.005392831,0.008728671,SOC,Intermittent irrigation
35,0.245672664,0.004364336,,,SOC,Intermittent irrigation
35,0.488352768,0.004364336,0.017396703,0.008728671,SOC,Intermittent irrigation
35,0.505749471,0.004364336,,,SOC,Intermittent irrigation
35,0.622830682,0.004364336,0.018356759,0.008728671,SOC,Intermittent irrigation
35,0.641187442,0.004364336,,,SOC,Intermittent irrigation
35,0.352821375,0.086129251,0.066249386,0.172258503,N2O,Intermittent irrigation
35,0.41907076,0.086129251,,,N2O,Intermittent irrigation
35,0.836248024,0.086129251,0.32861365,0.172258503,N2O,Intermittent irrigation
35,1.164861674,0.086129251,,,N2O,Intermittent irrigation
35,1.366876275,0.086129252,0.043107857,0.172258503,N2O,Intermittent irrigation
35,1.409984132,0.086129251,,,N2O,Intermittent irrigation
149,-0.332938664,2.182175388,0.353141371,2.595473551,N2O,Intermittent irrigation
149,0.020202707,0.413298163,,,N2O,Intermittent irrigation
149,0.604954468,0.823875325,-0.496151608,1.475670639,N2O,Intermittent irrigation
149,0.10880286,0.651795314,,,N2O,Intermittent irrigation
35,0.535518236,0.122897496,-0.017575145,0.245794992,CH4,Intermittent irrigation
35,0.517943092,0.122897496,,,CH4,Intermittent irrigation
35,1.422103814,0.122897496,0.002724211,0.245794992,CH4,Intermittent irrigation
35,1.424828025,0.122897496,,,CH4,Intermittent irrigation
35,1.849110766,0.122897496,-0.069327488,0.245794992,CH4,Intermittent irrigation
35,1.779783278,0.122897496,,,CH4,Intermittent irrigation
149,0.069983293,0.088241223,0.017880877,0.592897683,CH4,Intermittent irrigation
149,0.08786417,0.504656461,,,CH4,Intermittent irrigation
149,0.554708016,0.079157961,-0.03185599,0.146811716,CH4,Intermittent irrigation
149,0.522852025,0.067653756,,,CH4,Intermittent irrigation
