,node1,node2,weight2,weight,i,j,weight2
1,rpoB_OTU_2,rpoB_OTU_6,0.008973497,0.008973497,r,r,-0.008973497
2,rpoB_OTU_2,rpoB_OTU_96,0.018351998,0.018351998,r,r,-0.018351998
3,rpoB_OTU_2,rpoB_OTU_166,-0.090857496,0.090857496,r,r,-0.090857496
4,rpoB_OTU_2,rpoB_OTU_203,0.345877601,0.345877601,r,r,-0.345877601
5,rpoB_OTU_2,rpoB_OTU_331,-0.003586222,0.003586222,r,r,-0.003586222
6,rpoB_OTU_2,AMF_OTU_152,-0.056835234,0.056835234,r,A,-0.056835234
7,rpoB_OTU_3,rpoB_OTU_261,0.01489296,0.01489296,r,r,-0.01489296
8,rpoB_OTU_3,rpoB_OTU_314,0.086233478,0.086233478,r,r,-0.086233478
9,rpoB_OTU_3,AMF_OTU_103,-0.050696349,0.050696349,r,A,-0.050696349
10,rpoB_OTU_3,AMF_OTU_201,0.007156806,0.007156806,r,A,-0.007156806
11,rpoB_OTU_3,AMF_OTU_203,-0.042014553,0.042014553,r,A,-0.042014553
12,rpoB_OTU_3,AMF_OTU_22,-0.079852833,0.079852833,r,A,-0.079852833
13,rpoB_OTU_6,rpoB_OTU_29,0.063383701,0.063383701,r,r,-0.063383701
14,rpoB_OTU_6,rpoB_OTU_138,0.173099449,0.173099449,r,r,-0.173099449
15,rpoB_OTU_6,rpoB_OTU_149,-0.020770385,0.020770385,r,r,-0.020770385
16,rpoB_OTU_6,rpoB_OTU_187,0.235000016,0.235000016,r,r,-0.235000016
17,rpoB_OTU_6,rpoB_OTU_203,0.018577784,0.018577784,r,r,-0.018577784
18,rpoB_OTU_6,rpoB_OTU_331,-0.050993351,0.050993351,r,r,-0.050993351
19,rpoB_OTU_6,AMF_OTU_63,0.12174334,0.12174334,r,A,-0.12174334
20,rpoB_OTU_10,rpoB_OTU_188,0.01564205,0.01564205,r,r,-0.01564205
21,rpoB_OTU_10,rpoB_OTU_260,0.032814955,0.032814955,r,r,-0.032814955
22,rpoB_OTU_10,rpoB_OTU_296,0.093033658,0.093033658,r,r,-0.093033658
23,rpoB_OTU_10,rpoB_OTU_370,-0.000608699,0.000608699,r,r,-0.000608699
24,rpoB_OTU_10,AMF_OTU_3,0.072164847,0.072164847,r,A,-0.072164847
25,rpoB_OTU_10,AMF_OTU_71,0.036590806,0.036590806,r,A,-0.036590806
26,rpoB_OTU_10,AMF_OTU_90,0.026360098,0.026360098,r,A,-0.026360098
27,rpoB_OTU_10,AMF_OTU_97,0.107202838,0.107202838,r,A,-0.107202838
28,rpoB_OTU_11,rpoB_OTU_70,0.006420137,0.006420137,r,r,-0.006420137
29,rpoB_OTU_11,rpoB_OTU_108,0.262764309,0.262764309,r,r,-0.262764309
30,rpoB_OTU_11,rpoB_OTU_241,0.031796349,0.031796349,r,r,-0.031796349
31,rpoB_OTU_11,rpoB_OTU_286,0.025303554,0.025303554,r,r,-0.025303554
32,rpoB_OTU_11,AMF_OTU_101,0.019268265,0.019268265,r,A,-0.019268265
33,rpoB_OTU_11,AMF_OTU_103,-0.004692292,0.004692292,r,A,-0.004692292
34,rpoB_OTU_11,AMF_OTU_107,0.023614013,0.023614013,r,A,-0.023614013
35,rpoB_OTU_11,AMF_OTU_137,0.091431069,0.091431069,r,A,-0.091431069
36,rpoB_OTU_13,rpoB_OTU_21,0.201648275,0.201648275,r,r,-0.201648275
37,rpoB_OTU_13,rpoB_OTU_38,0.093190164,0.093190164,r,r,-0.093190164
38,rpoB_OTU_13,rpoB_OTU_173,0.001780876,0.001780876,r,r,-0.001780876
39,rpoB_OTU_13,AMF_OTU_17,0.306942779,0.306942779,r,A,-0.306942779
40,rpoB_OTU_13,AMF_OTU_6,0.20464848,0.20464848,r,A,-0.20464848
41,rpoB_OTU_13,AMF_OTU_83,0.113449029,0.113449029,r,A,-0.113449029
42,rpoB_OTU_14,rpoB_OTU_131,0.241229126,0.241229126,r,r,-0.241229126
43,rpoB_OTU_14,AMF_OTU_22,0.053877893,0.053877893,r,A,-0.053877893
44,rpoB_OTU_14,AMF_OTU_23,0.209891312,0.209891312,r,A,-0.209891312
45,rpoB_OTU_14,AMF_OTU_66,0.488338284,0.488338284,r,A,-0.488338284
46,rpoB_OTU_15,rpoB_OTU_23,-0.018632192,0.018632192,r,r,-0.018632192
47,rpoB_OTU_15,rpoB_OTU_120,-0.152057394,0.152057394,r,r,-0.152057394
48,rpoB_OTU_15,rpoB_OTU_160,-0.050603574,0.050603574,r,r,-0.050603574
49,rpoB_OTU_15,rpoB_OTU_245,0.04466863,0.04466863,r,r,-0.04466863
50,rpoB_OTU_15,AMF_OTU_206,0.017255476,0.017255476,r,A,-0.017255476
51,rpoB_OTU_15,AMF_OTU_90,0.077796853,0.077796853,r,A,-0.077796853
52,rpoB_OTU_15,AMF_OTU_98,0.006762296,0.006762296,r,A,-0.006762296
53,rpoB_OTU_19,rpoB_OTU_43,0.009294052,0.009294052,r,r,-0.009294052
54,rpoB_OTU_19,rpoB_OTU_49,0.131993252,0.131993252,r,r,-0.131993252
55,rpoB_OTU_19,rpoB_OTU_71,0.028370626,0.028370626,r,r,-0.028370626
56,rpoB_OTU_19,rpoB_OTU_102,0.187535522,0.187535522,r,r,-0.187535522
57,rpoB_OTU_19,rpoB_OTU_137,0.293552997,0.293552997,r,r,-0.293552997
58,rpoB_OTU_19,rpoB_OTU_165,0.149910302,0.149910302,r,r,-0.149910302
59,rpoB_OTU_19,rpoB_OTU_175,0.061380883,0.061380883,r,r,-0.061380883
60,rpoB_OTU_19,rpoB_OTU_279,0.008296763,0.008296763,r,r,-0.008296763
61,rpoB_OTU_20,rpoB_OTU_50,0.431662347,0.431662347,r,r,-0.431662347
62,rpoB_OTU_20,rpoB_OTU_138,0.028711432,0.028711432,r,r,-0.028711432
63,rpoB_OTU_20,rpoB_OTU_174,-0.078731753,0.078731753,r,r,-0.078731753
64,rpoB_OTU_20,rpoB_OTU_213,0.066598781,0.066598781,r,r,-0.066598781
65,rpoB_OTU_20,rpoB_OTU_261,-0.003817683,0.003817683,r,r,-0.003817683
66,rpoB_OTU_20,rpoB_OTU_298,0.007141378,0.007141378,r,r,-0.007141378
67,rpoB_OTU_20,rpoB_OTU_310,0.004307268,0.004307268,r,r,-0.004307268
68,rpoB_OTU_20,rpoB_OTU_313,-0.020569449,0.020569449,r,r,-0.020569449
69,rpoB_OTU_20,rpoB_OTU_331,-0.117073093,0.117073093,r,r,-0.117073093
70,rpoB_OTU_20,AMF_OTU_162,0.00047993,0.00047993,r,A,-0.00047993
71,rpoB_OTU_21,rpoB_OTU_83,0.044694532,0.044694532,r,r,-0.044694532
72,rpoB_OTU_21,rpoB_OTU_149,-0.062789625,0.062789625,r,r,-0.062789625
73,rpoB_OTU_21,AMF_OTU_153,0.015348507,0.015348507,r,A,-0.015348507
74,rpoB_OTU_21,AMF_OTU_70,0.014403202,0.014403202,r,A,-0.014403202
75,rpoB_OTU_21,AMF_OTU_77,0.003792826,0.003792826,r,A,-0.003792826
76,rpoB_OTU_23,rpoB_OTU_120,0.33040067,0.33040067,r,r,-0.33040067
77,rpoB_OTU_23,rpoB_OTU_137,0.117073615,0.117073615,r,r,-0.117073615
78,rpoB_OTU_23,rpoB_OTU_279,0.171611584,0.171611584,r,r,-0.171611584
79,rpoB_OTU_23,rpoB_OTU_290,0.028931212,0.028931212,r,r,-0.028931212
80,rpoB_OTU_23,rpoB_OTU_386,0.028188672,0.028188672,r,r,-0.028188672
81,rpoB_OTU_29,rpoB_OTU_35,0.142731079,0.142731079,r,r,-0.142731079
82,rpoB_OTU_29,rpoB_OTU_49,0.111660941,0.111660941,r,r,-0.111660941
83,rpoB_OTU_29,rpoB_OTU_134,0.040031985,0.040031985,r,r,-0.040031985
84,rpoB_OTU_29,rpoB_OTU_158,-0.208141971,0.208141971,r,r,-0.208141971
85,rpoB_OTU_29,rpoB_OTU_163,0.193979364,0.193979364,r,r,-0.193979364
86,rpoB_OTU_29,rpoB_OTU_216,0.024066105,0.024066105,r,r,-0.024066105
87,rpoB_OTU_29,rpoB_OTU_256,0.035669034,0.035669034,r,r,-0.035669034
88,rpoB_OTU_29,AMF_OTU_2,0.062382416,0.062382416,r,A,-0.062382416
89,rpoB_OTU_29,AMF_OTU_77,0.000432072,0.000432072,r,A,-0.000432072
90,rpoB_OTU_34,rpoB_OTU_107,0.080826869,0.080826869,r,r,-0.080826869
91,rpoB_OTU_34,rpoB_OTU_157,0.056664218,0.056664218,r,r,-0.056664218
92,rpoB_OTU_34,rpoB_OTU_191,0.083179718,0.083179718,r,r,-0.083179718
93,rpoB_OTU_34,AMF_OTU_145,0.207832097,0.207832097,r,A,-0.207832097
94,rpoB_OTU_34,AMF_OTU_53,0.122083926,0.122083926,r,A,-0.122083926
95,rpoB_OTU_34,AMF_OTU_78,0.050543361,0.050543361,r,A,-0.050543361
96,rpoB_OTU_35,rpoB_OTU_173,0.029412202,0.029412202,r,r,-0.029412202
97,rpoB_OTU_35,AMF_OTU_138,0.038013431,0.038013431,r,A,-0.038013431
98,rpoB_OTU_35,AMF_OTU_203,0.125096045,0.125096045,r,A,-0.125096045
99,rpoB_OTU_35,AMF_OTU_90,0.039827071,0.039827071,r,A,-0.039827071
100,rpoB_OTU_38,rpoB_OTU_120,0.024970815,0.024970815,r,r,-0.024970815
101,rpoB_OTU_38,rpoB_OTU_219,0.064485361,0.064485361,r,r,-0.064485361
102,rpoB_OTU_38,rpoB_OTU_223,0.195598803,0.195598803,r,r,-0.195598803
103,rpoB_OTU_38,rpoB_OTU_359,0.000770614,0.000770614,r,r,-0.000770614
104,rpoB_OTU_38,AMF_OTU_14,0.098420714,0.098420714,r,A,-0.098420714
105,rpoB_OTU_38,AMF_OTU_31,0.040461478,0.040461478,r,A,-0.040461478
106,rpoB_OTU_38,AMF_OTU_53,0.001364542,0.001364542,r,A,-0.001364542
107,rpoB_OTU_38,AMF_OTU_69,0.019127292,0.019127292,r,A,-0.019127292
108,rpoB_OTU_38,AMF_OTU_9,0.016044414,0.016044414,r,A,-0.016044414
109,rpoB_OTU_42,rpoB_OTU_70,0.121105751,0.121105751,r,r,-0.121105751
110,rpoB_OTU_42,rpoB_OTU_108,0.131256892,0.131256892,r,r,-0.131256892
111,rpoB_OTU_42,rpoB_OTU_120,0.12559233,0.12559233,r,r,-0.12559233
112,rpoB_OTU_42,rpoB_OTU_174,0.14920301,0.14920301,r,r,-0.14920301
113,rpoB_OTU_42,rpoB_OTU_223,0.180777494,0.180777494,r,r,-0.180777494
114,rpoB_OTU_42,rpoB_OTU_279,0.003504014,0.003504014,r,r,-0.003504014
115,rpoB_OTU_42,rpoB_OTU_286,0.261526667,0.261526667,r,r,-0.261526667
116,rpoB_OTU_42,rpoB_OTU_359,0.541449464,0.541449464,r,r,-0.541449464
117,rpoB_OTU_43,rpoB_OTU_168,0.083314544,0.083314544,r,r,-0.083314544
118,rpoB_OTU_43,rpoB_OTU_178,0.037019817,0.037019817,r,r,-0.037019817
119,rpoB_OTU_43,rpoB_OTU_279,0.055143341,0.055143341,r,r,-0.055143341
120,rpoB_OTU_43,rpoB_OTU_309,0.009643942,0.009643942,r,r,-0.009643942
121,rpoB_OTU_43,AMF_OTU_112,0.252906393,0.252906393,r,A,-0.252906393
122,rpoB_OTU_49,rpoB_OTU_163,0.09307652,0.09307652,r,r,-0.09307652
123,rpoB_OTU_49,rpoB_OTU_216,0.062128593,0.062128593,r,r,-0.062128593
124,rpoB_OTU_49,rpoB_OTU_310,0.008531321,0.008531321,r,r,-0.008531321
125,rpoB_OTU_49,rpoB_OTU_331,-0.025903985,0.025903985,r,r,-0.025903985
126,rpoB_OTU_49,AMF_OTU_10,0.012782714,0.012782714,r,A,-0.012782714
127,rpoB_OTU_49,AMF_OTU_56,0.019052633,0.019052633,r,A,-0.019052633
128,rpoB_OTU_50,rpoB_OTU_65,0.030381924,0.030381924,r,r,-0.030381924
129,rpoB_OTU_50,rpoB_OTU_96,0.095111955,0.095111955,r,r,-0.095111955
130,rpoB_OTU_50,rpoB_OTU_125,-0.014605732,0.014605732,r,r,-0.014605732
131,rpoB_OTU_50,rpoB_OTU_134,0.030389211,0.030389211,r,r,-0.030389211
132,rpoB_OTU_50,rpoB_OTU_138,0.080534416,0.080534416,r,r,-0.080534416
133,rpoB_OTU_65,rpoB_OTU_70,-0.061761459,0.061761459,r,r,-0.061761459
134,rpoB_OTU_65,rpoB_OTU_93,0.080947633,0.080947633,r,r,-0.080947633
135,rpoB_OTU_65,rpoB_OTU_174,-0.063034962,0.063034962,r,r,-0.063034962
136,rpoB_OTU_65,rpoB_OTU_203,0.010337171,0.010337171,r,r,-0.010337171
137,rpoB_OTU_65,rpoB_OTU_223,-0.01182741,0.01182741,r,r,-0.01182741
138,rpoB_OTU_65,rpoB_OTU_331,-0.031881793,0.031881793,r,r,-0.031881793
139,rpoB_OTU_65,AMF_OTU_106,-0.032096039,0.032096039,r,A,-0.032096039
140,rpoB_OTU_65,AMF_OTU_180,0.013529755,0.013529755,r,A,-0.013529755
141,rpoB_OTU_65,AMF_OTU_43,-0.033097376,0.033097376,r,A,-0.033097376
142,rpoB_OTU_65,AMF_OTU_70,0.042992234,0.042992234,r,A,-0.042992234
143,rpoB_OTU_70,rpoB_OTU_137,0.010326297,0.010326297,r,r,-0.010326297
144,rpoB_OTU_70,rpoB_OTU_175,0.008227321,0.008227321,r,r,-0.008227321
145,rpoB_OTU_70,rpoB_OTU_178,0.039593679,0.039593679,r,r,-0.039593679
146,rpoB_OTU_70,rpoB_OTU_191,0.34901603,0.34901603,r,r,-0.34901603
147,rpoB_OTU_70,AMF_OTU_119,-0.010948992,0.010948992,r,A,-0.010948992
148,rpoB_OTU_71,rpoB_OTU_134,0.335340864,0.335340864,r,r,-0.335340864
149,rpoB_OTU_71,rpoB_OTU_165,0.002331424,0.002331424,r,r,-0.002331424
150,rpoB_OTU_71,rpoB_OTU_257,0.04390554,0.04390554,r,r,-0.04390554
151,rpoB_OTU_71,rpoB_OTU_284,0.02507203,0.02507203,r,r,-0.02507203
152,rpoB_OTU_71,AMF_OTU_112,0.126003478,0.126003478,r,A,-0.126003478
153,rpoB_OTU_71,AMF_OTU_155,0.033200722,0.033200722,r,A,-0.033200722
154,rpoB_OTU_73,rpoB_OTU_245,0.134244486,0.134244486,r,r,-0.134244486
155,rpoB_OTU_73,rpoB_OTU_358,0.050454012,0.050454012,r,r,-0.050454012
156,rpoB_OTU_73,rpoB_OTU_447,0.320719424,0.320719424,r,r,-0.320719424
157,rpoB_OTU_73,AMF_OTU_25,0.663994801,0.663994801,r,A,-0.663994801
158,rpoB_OTU_83,rpoB_OTU_94,-0.051219107,0.051219107,r,r,-0.051219107
159,rpoB_OTU_83,rpoB_OTU_164,0.033680895,0.033680895,r,r,-0.033680895
160,rpoB_OTU_83,rpoB_OTU_187,0.010190996,0.010190996,r,r,-0.010190996
161,rpoB_OTU_83,rpoB_OTU_281,0.232683384,0.232683384,r,r,-0.232683384
162,rpoB_OTU_83,rpoB_OTU_325,0.127896401,0.127896401,r,r,-0.127896401
163,rpoB_OTU_85,rpoB_OTU_198,0.020807465,0.020807465,r,r,-0.020807465
164,rpoB_OTU_85,rpoB_OTU_200,0.075096496,0.075096496,r,r,-0.075096496
165,rpoB_OTU_85,rpoB_OTU_289,0.036656682,0.036656682,r,r,-0.036656682
166,rpoB_OTU_85,AMF_OTU_124,0.025896692,0.025896692,r,A,-0.025896692
167,rpoB_OTU_85,AMF_OTU_182,0.066778971,0.066778971,r,A,-0.066778971
168,rpoB_OTU_85,AMF_OTU_56,0.210496275,0.210496275,r,A,-0.210496275
169,rpoB_OTU_89,rpoB_OTU_139,0.194471459,0.194471459,r,r,-0.194471459
170,rpoB_OTU_89,rpoB_OTU_169,-0.005669584,0.005669584,r,r,-0.005669584
171,rpoB_OTU_89,AMF_OTU_15,0.029025037,0.029025037,r,A,-0.029025037
172,rpoB_OTU_89,AMF_OTU_159,0.040172308,0.040172308,r,A,-0.040172308
173,rpoB_OTU_89,AMF_OTU_203,0.051104675,0.051104675,r,A,-0.051104675
174,rpoB_OTU_93,rpoB_OTU_134,0.068569128,0.068569128,r,r,-0.068569128
175,rpoB_OTU_93,rpoB_OTU_261,0.086026365,0.086026365,r,r,-0.086026365
176,rpoB_OTU_93,rpoB_OTU_307,0.066840407,0.066840407,r,r,-0.066840407
177,rpoB_OTU_93,rpoB_OTU_309,0.190058391,0.190058391,r,r,-0.190058391
178,rpoB_OTU_93,rpoB_OTU_325,0.052384034,0.052384034,r,r,-0.052384034
179,rpoB_OTU_93,AMF_OTU_112,0.065511364,0.065511364,r,A,-0.065511364
180,rpoB_OTU_93,AMF_OTU_139,0.136298156,0.136298156,r,A,-0.136298156
181,rpoB_OTU_94,rpoB_OTU_202,-0.02504762,0.02504762,r,r,-0.02504762
182,rpoB_OTU_94,rpoB_OTU_255,-0.033346425,0.033346425,r,r,-0.033346425
183,rpoB_OTU_94,rpoB_OTU_260,-0.064919211,0.064919211,r,r,-0.064919211
184,rpoB_OTU_94,rpoB_OTU_452,0.144385059,0.144385059,r,r,-0.144385059
185,rpoB_OTU_94,AMF_OTU_33,0.02799036,0.02799036,r,A,-0.02799036
186,rpoB_OTU_94,AMF_OTU_46,0.001147372,0.001147372,r,A,-0.001147372
187,rpoB_OTU_96,rpoB_OTU_130,0.068900669,0.068900669,r,r,-0.068900669
188,rpoB_OTU_96,AMF_OTU_103,-0.00466911,0.00466911,r,A,-0.00466911
189,rpoB_OTU_96,AMF_OTU_192,0.025212241,0.025212241,r,A,-0.025212241
190,rpoB_OTU_96,AMF_OTU_201,0.034361825,0.034361825,r,A,-0.034361825
191,rpoB_OTU_96,AMF_OTU_206,0.102396122,0.102396122,r,A,-0.102396122
192,rpoB_OTU_98,rpoB_OTU_120,0.004393263,0.004393263,r,r,-0.004393263
193,rpoB_OTU_98,rpoB_OTU_198,0.022436078,0.022436078,r,r,-0.022436078
194,rpoB_OTU_98,rpoB_OTU_232,0.038123072,0.038123072,r,r,-0.038123072
195,rpoB_OTU_98,rpoB_OTU_371,0.013423718,0.013423718,r,r,-0.013423718
196,rpoB_OTU_98,AMF_OTU_106,0.163395639,0.163395639,r,A,-0.163395639
197,rpoB_OTU_98,AMF_OTU_196,0.037564166,0.037564166,r,A,-0.037564166
198,rpoB_OTU_98,AMF_OTU_74,0.249556244,0.249556244,r,A,-0.249556244
199,rpoB_OTU_98,AMF_OTU_81,-0.052874004,0.052874004,r,A,-0.052874004
200,rpoB_OTU_102,rpoB_OTU_137,0.073247411,0.073247411,r,r,-0.073247411
201,rpoB_OTU_102,rpoB_OTU_163,0.237179398,0.237179398,r,r,-0.237179398
202,rpoB_OTU_102,rpoB_OTU_164,0.042922615,0.042922615,r,r,-0.042922615
203,rpoB_OTU_102,rpoB_OTU_175,0.07629842,0.07629842,r,r,-0.07629842
204,rpoB_OTU_102,rpoB_OTU_216,0.074240813,0.074240813,r,r,-0.074240813
205,rpoB_OTU_102,rpoB_OTU_279,0.015258625,0.015258625,r,r,-0.015258625
206,rpoB_OTU_102,rpoB_OTU_281,0.352406349,0.352406349,r,r,-0.352406349
207,rpoB_OTU_107,rpoB_OTU_125,0.040808478,0.040808478,r,r,-0.040808478
208,rpoB_OTU_107,rpoB_OTU_137,0.026601143,0.026601143,r,r,-0.026601143
209,rpoB_OTU_107,rpoB_OTU_160,0.003346297,0.003346297,r,r,-0.003346297
210,rpoB_OTU_107,rpoB_OTU_164,0.295358502,0.295358502,r,r,-0.295358502
211,rpoB_OTU_107,rpoB_OTU_191,0.009435045,0.009435045,r,r,-0.009435045
212,rpoB_OTU_107,rpoB_OTU_306,-0.009765582,0.009765582,r,r,-0.009765582
213,rpoB_OTU_108,rpoB_OTU_149,0.000395722,0.000395722,r,r,-0.000395722
214,rpoB_OTU_108,rpoB_OTU_160,0.021835092,0.021835092,r,r,-0.021835092
215,rpoB_OTU_108,rpoB_OTU_198,0.140477427,0.140477427,r,r,-0.140477427
216,rpoB_OTU_108,rpoB_OTU_203,-0.001232628,0.001232628,r,r,-0.001232628
217,rpoB_OTU_108,AMF_OTU_13,0.019298055,0.019298055,r,A,-0.019298055
218,rpoB_OTU_110,rpoB_OTU_202,0.330551446,0.330551446,r,r,-0.330551446
219,rpoB_OTU_110,AMF_OTU_179,0.540803678,0.540803678,r,A,-0.540803678
220,rpoB_OTU_110,AMF_OTU_80,0.02540386,0.02540386,r,A,-0.02540386
221,rpoB_OTU_112,rpoB_OTU_139,0.016796956,0.016796956,r,r,-0.016796956
222,rpoB_OTU_112,rpoB_OTU_296,-0.046699238,0.046699238,r,r,-0.046699238
223,rpoB_OTU_112,AMF_OTU_173,0.002201439,0.002201439,r,A,-0.002201439
224,rpoB_OTU_112,AMF_OTU_24,0.187419984,0.187419984,r,A,-0.187419984
225,rpoB_OTU_112,AMF_OTU_41,-0.011946526,0.011946526,r,A,-0.011946526
226,rpoB_OTU_112,AMF_OTU_46,-0.010734696,0.010734696,r,A,-0.010734696
227,rpoB_OTU_112,AMF_OTU_83,-0.010955051,0.010955051,r,A,-0.010955051
228,rpoB_OTU_116,rpoB_OTU_176,0.007535394,0.007535394,r,r,-0.007535394
229,rpoB_OTU_116,rpoB_OTU_186,0.312978071,0.312978071,r,r,-0.312978071
230,rpoB_OTU_116,rpoB_OTU_255,0.107127762,0.107127762,r,r,-0.107127762
231,rpoB_OTU_116,rpoB_OTU_257,-0.1553602,0.1553602,r,r,-0.1553602
232,rpoB_OTU_116,AMF_OTU_204,0.079910954,0.079910954,r,A,-0.079910954
233,rpoB_OTU_116,AMF_OTU_70,0.027137299,0.027137299,r,A,-0.027137299
234,rpoB_OTU_120,rpoB_OTU_178,0.138233229,0.138233229,r,r,-0.138233229
235,rpoB_OTU_120,rpoB_OTU_198,0.119318692,0.119318692,r,r,-0.119318692
236,rpoB_OTU_120,rpoB_OTU_223,0.007684691,0.007684691,r,r,-0.007684691
237,rpoB_OTU_120,rpoB_OTU_232,0.037974756,0.037974756,r,r,-0.037974756
238,rpoB_OTU_120,rpoB_OTU_286,0.008597635,0.008597635,r,r,-0.008597635
239,rpoB_OTU_120,rpoB_OTU_289,0.009121089,0.009121089,r,r,-0.009121089
240,rpoB_OTU_124,rpoB_OTU_325,0.076470664,0.076470664,r,r,-0.076470664
241,rpoB_OTU_124,AMF_OTU_147,0.1631911,0.1631911,r,A,-0.1631911
242,rpoB_OTU_124,AMF_OTU_18,0.031227084,0.031227084,r,A,-0.031227084
243,rpoB_OTU_124,AMF_OTU_38,0.099514797,0.099514797,r,A,-0.099514797
244,rpoB_OTU_125,rpoB_OTU_307,-0.107250793,0.107250793,r,r,-0.107250793
245,rpoB_OTU_125,AMF_OTU_149,-0.048623391,0.048623391,r,A,-0.048623391
246,rpoB_OTU_125,AMF_OTU_51,0.101350666,0.101350666,r,A,-0.101350666
247,rpoB_OTU_125,AMF_OTU_61,0.060529376,0.060529376,r,A,-0.060529376
248,rpoB_OTU_130,AMF_OTU_119,0.355875931,0.355875931,r,A,-0.355875931
249,rpoB_OTU_131,rpoB_OTU_139,0.14723764,0.14723764,r,r,-0.14723764
250,rpoB_OTU_131,rpoB_OTU_260,-0.114581627,0.114581627,r,r,-0.114581627
251,rpoB_OTU_131,rpoB_OTU_306,0.023851456,0.023851456,r,r,-0.023851456
252,rpoB_OTU_134,rpoB_OTU_149,-0.132503862,0.132503862,r,r,-0.132503862
253,rpoB_OTU_134,rpoB_OTU_225,0.0412121,0.0412121,r,r,-0.0412121
254,rpoB_OTU_134,rpoB_OTU_257,0.022919413,0.022919413,r,r,-0.022919413
255,rpoB_OTU_137,rpoB_OTU_168,0.023419251,0.023419251,r,r,-0.023419251
256,rpoB_OTU_137,rpoB_OTU_198,0.054840746,0.054840746,r,r,-0.054840746
257,rpoB_OTU_137,rpoB_OTU_371,0.029334268,0.029334268,r,r,-0.029334268
258,rpoB_OTU_138,rpoB_OTU_149,-0.011560821,0.011560821,r,r,-0.011560821
259,rpoB_OTU_138,rpoB_OTU_187,0.01863347,0.01863347,r,r,-0.01863347
260,rpoB_OTU_138,rpoB_OTU_216,0.084172948,0.084172948,r,r,-0.084172948
261,rpoB_OTU_138,rpoB_OTU_310,0.005855753,0.005855753,r,r,-0.005855753
262,rpoB_OTU_138,rpoB_OTU_421,0.122971041,0.122971041,r,r,-0.122971041
263,rpoB_OTU_138,AMF_OTU_140,-0.001346202,0.001346202,r,A,-0.001346202
264,rpoB_OTU_138,AMF_OTU_162,0.000244358,0.000244358,r,A,-0.000244358
265,rpoB_OTU_139,rpoB_OTU_149,0.246750181,0.246750181,r,r,-0.246750181
266,rpoB_OTU_139,AMF_OTU_178,0.048411752,0.048411752,r,A,-0.048411752
267,rpoB_OTU_139,AMF_OTU_8,0.044953814,0.044953814,r,A,-0.044953814
268,rpoB_OTU_149,rpoB_OTU_158,0.036172921,0.036172921,r,r,-0.036172921
269,rpoB_OTU_149,rpoB_OTU_313,0.000977331,0.000977331,r,r,-0.000977331
270,rpoB_OTU_149,rpoB_OTU_331,0.258739861,0.258739861,r,r,-0.258739861
271,rpoB_OTU_149,AMF_OTU_124,0.033349017,0.033349017,r,A,-0.033349017
272,rpoB_OTU_149,AMF_OTU_32,-0.003406071,0.003406071,r,A,-0.003406071
273,rpoB_OTU_157,rpoB_OTU_160,0.080192794,0.080192794,r,r,-0.080192794
274,rpoB_OTU_157,AMF_OTU_137,0.036156401,0.036156401,r,A,-0.036156401
275,rpoB_OTU_157,AMF_OTU_139,-0.021091495,0.021091495,r,A,-0.021091495
276,rpoB_OTU_157,AMF_OTU_39,0.046077501,0.046077501,r,A,-0.046077501
277,rpoB_OTU_157,AMF_OTU_42,0.096159746,0.096159746,r,A,-0.096159746
278,rpoB_OTU_157,AMF_OTU_57,0.023289389,0.023289389,r,A,-0.023289389
279,rpoB_OTU_158,rpoB_OTU_255,0.103865893,0.103865893,r,r,-0.103865893
280,rpoB_OTU_158,AMF_OTU_102,0.016307531,0.016307531,r,A,-0.016307531
281,rpoB_OTU_158,AMF_OTU_98,-0.004947658,0.004947658,r,A,-0.004947658
282,rpoB_OTU_160,rpoB_OTU_232,0.126019072,0.126019072,r,r,-0.126019072
283,rpoB_OTU_160,rpoB_OTU_421,0.008456777,0.008456777,r,r,-0.008456777
284,rpoB_OTU_160,AMF_OTU_105,-0.003289913,0.003289913,r,A,-0.003289913
285,rpoB_OTU_160,AMF_OTU_114,-0.022416661,0.022416661,r,A,-0.022416661
286,rpoB_OTU_160,AMF_OTU_90,-0.025480428,0.025480428,r,A,-0.025480428
287,rpoB_OTU_163,rpoB_OTU_281,6.22E-06,6.22E-06,r,r,-6.22E-06
288,rpoB_OTU_163,rpoB_OTU_283,0.110403,0.110403,r,r,-0.110403
289,rpoB_OTU_163,rpoB_OTU_307,0.147520012,0.147520012,r,r,-0.147520012
290,rpoB_OTU_164,rpoB_OTU_187,0.116939365,0.116939365,r,r,-0.116939365
291,rpoB_OTU_164,rpoB_OTU_190,0.009100806,0.009100806,r,r,-0.009100806
292,rpoB_OTU_164,rpoB_OTU_200,0.169373415,0.169373415,r,r,-0.169373415
293,rpoB_OTU_164,rpoB_OTU_224,0.038187583,0.038187583,r,r,-0.038187583
294,rpoB_OTU_165,rpoB_OTU_257,0.044334539,0.044334539,r,r,-0.044334539
295,rpoB_OTU_165,rpoB_OTU_284,0.171700994,0.171700994,r,r,-0.171700994
296,rpoB_OTU_165,rpoB_OTU_298,0.186077528,0.186077528,r,r,-0.186077528
297,rpoB_OTU_165,rpoB_OTU_307,0.057925768,0.057925768,r,r,-0.057925768
298,rpoB_OTU_165,rpoB_OTU_325,0.016567046,0.016567046,r,r,-0.016567046
299,rpoB_OTU_165,AMF_OTU_148,0.062696195,0.062696195,r,A,-0.062696195
300,rpoB_OTU_166,rpoB_OTU_246,0.020030649,0.020030649,r,r,-0.020030649
301,rpoB_OTU_166,rpoB_OTU_364,0.585364998,0.585364998,r,r,-0.585364998
302,rpoB_OTU_166,AMF_OTU_22,0.045326509,0.045326509,r,A,-0.045326509
303,rpoB_OTU_168,rpoB_OTU_245,-0.028384002,0.028384002,r,r,-0.028384002
304,rpoB_OTU_168,rpoB_OTU_281,0.005760199,0.005760199,r,r,-0.005760199
305,rpoB_OTU_168,rpoB_OTU_325,0.089895468,0.089895468,r,r,-0.089895468
306,rpoB_OTU_168,rpoB_OTU_421,0.132990021,0.132990021,r,r,-0.132990021
307,rpoB_OTU_168,AMF_OTU_198,0.00277957,0.00277957,r,A,-0.00277957
308,rpoB_OTU_168,AMF_OTU_83,0.003233358,0.003233358,r,A,-0.003233358
309,rpoB_OTU_169,rpoB_OTU_200,0.417588684,0.417588684,r,r,-0.417588684
310,rpoB_OTU_169,rpoB_OTU_386,0.039582919,0.039582919,r,r,-0.039582919
311,rpoB_OTU_172,rpoB_OTU_178,-0.019614633,0.019614633,r,r,-0.019614633
312,rpoB_OTU_172,AMF_OTU_138,0.348242912,0.348242912,r,A,-0.348242912
313,rpoB_OTU_172,AMF_OTU_156,0.077735812,0.077735812,r,A,-0.077735812
314,rpoB_OTU_172,AMF_OTU_162,0.120558568,0.120558568,r,A,-0.120558568
315,rpoB_OTU_172,AMF_OTU_175,0.419918205,0.419918205,r,A,-0.419918205
316,rpoB_OTU_173,rpoB_OTU_225,0.478513048,0.478513048,r,r,-0.478513048
317,rpoB_OTU_173,rpoB_OTU_265,0.011430651,0.011430651,r,r,-0.011430651
318,rpoB_OTU_173,AMF_OTU_138,0.051239733,0.051239733,r,A,-0.051239733
319,rpoB_OTU_174,rpoB_OTU_203,-0.006399699,0.006399699,r,r,-0.006399699
320,rpoB_OTU_174,rpoB_OTU_261,0.0926911,0.0926911,r,r,-0.0926911
321,rpoB_OTU_174,rpoB_OTU_331,0.035983691,0.035983691,r,r,-0.035983691
322,rpoB_OTU_174,rpoB_OTU_359,0.005073094,0.005073094,r,r,-0.005073094
323,rpoB_OTU_174,rpoB_OTU_447,0.024152549,0.024152549,r,r,-0.024152549
324,rpoB_OTU_174,AMF_OTU_103,-0.01428304,0.01428304,r,A,-0.01428304
325,rpoB_OTU_175,rpoB_OTU_178,0.042621143,0.042621143,r,r,-0.042621143
326,rpoB_OTU_175,rpoB_OTU_279,0.04849284,0.04849284,r,r,-0.04849284
327,rpoB_OTU_175,rpoB_OTU_290,0.107460425,0.107460425,r,r,-0.107460425
328,rpoB_OTU_175,AMF_OTU_6,0.059146728,0.059146728,r,A,-0.059146728
329,rpoB_OTU_176,rpoB_OTU_187,0.064140426,0.064140426,r,r,-0.064140426
330,rpoB_OTU_176,rpoB_OTU_188,0.043280488,0.043280488,r,r,-0.043280488
331,rpoB_OTU_176,AMF_OTU_184,0.110075228,0.110075228,r,A,-0.110075228
332,rpoB_OTU_176,AMF_OTU_30,0.061924239,0.061924239,r,A,-0.061924239
333,rpoB_OTU_178,rpoB_OTU_296,-0.041877664,0.041877664,r,r,-0.041877664
334,rpoB_OTU_178,AMF_OTU_21,0.069536569,0.069536569,r,A,-0.069536569
335,rpoB_OTU_178,AMF_OTU_39,0.011684688,0.011684688,r,A,-0.011684688
336,rpoB_OTU_183,rpoB_OTU_358,0.397432575,0.397432575,r,r,-0.397432575
337,rpoB_OTU_183,rpoB_OTU_452,0.360879145,0.360879145,r,r,-0.360879145
338,rpoB_OTU_186,rpoB_OTU_202,0.033808452,0.033808452,r,r,-0.033808452
339,rpoB_OTU_186,rpoB_OTU_235,0.395507669,0.395507669,r,r,-0.395507669
340,rpoB_OTU_186,rpoB_OTU_296,0.012234984,0.012234984,r,r,-0.012234984
341,rpoB_OTU_186,AMF_OTU_75,0.206851345,0.206851345,r,A,-0.206851345
342,rpoB_OTU_188,rpoB_OTU_202,0.015546626,0.015546626,r,r,-0.015546626
343,rpoB_OTU_188,rpoB_OTU_260,0.096837147,0.096837147,r,r,-0.096837147
344,rpoB_OTU_188,AMF_OTU_3,0.007615365,0.007615365,r,A,-0.007615365
345,rpoB_OTU_188,AMF_OTU_51,0.332307929,0.332307929,r,A,-0.332307929
346,rpoB_OTU_188,AMF_OTU_58,0.011570321,0.011570321,r,A,-0.011570321
347,rpoB_OTU_188,AMF_OTU_73,0.077682558,0.077682558,r,A,-0.077682558
348,rpoB_OTU_188,AMF_OTU_81,0.029343477,0.029343477,r,A,-0.029343477
349,rpoB_OTU_190,rpoB_OTU_224,0.067714147,0.067714147,r,r,-0.067714147
350,rpoB_OTU_190,rpoB_OTU_313,0.029396863,0.029396863,r,r,-0.029396863
351,rpoB_OTU_190,rpoB_OTU_329,-0.093585728,0.093585728,r,r,-0.093585728
352,rpoB_OTU_190,rpoB_OTU_421,-0.006789463,0.006789463,r,r,-0.006789463
353,rpoB_OTU_190,AMF_OTU_10,0.04702967,0.04702967,r,A,-0.04702967
354,rpoB_OTU_190,AMF_OTU_177,-0.01509019,0.01509019,r,A,-0.01509019
355,rpoB_OTU_190,AMF_OTU_201,0.004998112,0.004998112,r,A,-0.004998112
356,rpoB_OTU_190,AMF_OTU_72,0.140052956,0.140052956,r,A,-0.140052956
357,rpoB_OTU_191,rpoB_OTU_279,0.002758883,0.002758883,r,r,-0.002758883
358,rpoB_OTU_191,AMF_OTU_111,0.020453143,0.020453143,r,A,-0.020453143
359,rpoB_OTU_191,AMF_OTU_59,0.013483672,0.013483672,r,A,-0.013483672
360,rpoB_OTU_198,rpoB_OTU_223,0.041042449,0.041042449,r,r,-0.041042449
361,rpoB_OTU_198,rpoB_OTU_224,0.037558849,0.037558849,r,r,-0.037558849
362,rpoB_OTU_198,rpoB_OTU_232,0.028239736,0.028239736,r,r,-0.028239736
363,rpoB_OTU_198,rpoB_OTU_371,0.042586368,0.042586368,r,r,-0.042586368
364,rpoB_OTU_198,AMF_OTU_124,0.061547532,0.061547532,r,A,-0.061547532
365,rpoB_OTU_200,rpoB_OTU_289,0.347086481,0.347086481,r,r,-0.347086481
366,rpoB_OTU_200,rpoB_OTU_309,0.1555037,0.1555037,r,r,-0.1555037
367,rpoB_OTU_203,AMF_OTU_109,0.055752983,0.055752983,r,A,-0.055752983
368,rpoB_OTU_203,AMF_OTU_172,0.068462837,0.068462837,r,A,-0.068462837
369,rpoB_OTU_203,AMF_OTU_44,0.03618951,0.03618951,r,A,-0.03618951
370,rpoB_OTU_213,AMF_OTU_171,0.00706179,0.00706179,r,A,-0.00706179
371,rpoB_OTU_213,AMF_OTU_183,0.023951219,0.023951219,r,A,-0.023951219
372,rpoB_OTU_213,AMF_OTU_62,0.397939624,0.397939624,r,A,-0.397939624
373,rpoB_OTU_216,rpoB_OTU_257,0.046662944,0.046662944,r,r,-0.046662944
374,rpoB_OTU_216,rpoB_OTU_284,0.169986395,0.169986395,r,r,-0.169986395
375,rpoB_OTU_216,rpoB_OTU_290,0.037189193,0.037189193,r,r,-0.037189193
376,rpoB_OTU_216,rpoB_OTU_310,0.106268834,0.106268834,r,r,-0.106268834
377,rpoB_OTU_216,AMF_OTU_87,0.021348924,0.021348924,r,A,-0.021348924
378,rpoB_OTU_219,rpoB_OTU_299,-0.005368019,0.005368019,r,r,-0.005368019
379,rpoB_OTU_219,rpoB_OTU_401,0.069130538,0.069130538,r,r,-0.069130538
380,rpoB_OTU_219,AMF_OTU_14,0.024653836,0.024653836,r,A,-0.024653836
381,rpoB_OTU_219,AMF_OTU_53,0.068724514,0.068724514,r,A,-0.068724514
382,rpoB_OTU_219,AMF_OTU_94,0.181181399,0.181181399,r,A,-0.181181399
383,rpoB_OTU_223,rpoB_OTU_331,0.003312633,0.003312633,r,r,-0.003312633
384,rpoB_OTU_223,AMF_OTU_180,-0.006164148,0.006164148,r,A,-0.006164148
385,rpoB_OTU_224,rpoB_OTU_255,0.015059943,0.015059943,r,r,-0.015059943
386,rpoB_OTU_224,rpoB_OTU_325,0.270600163,0.270600163,r,r,-0.270600163
387,rpoB_OTU_224,AMF_OTU_155,0.054460361,0.054460361,r,A,-0.054460361
388,rpoB_OTU_225,rpoB_OTU_310,0.084380015,0.084380015,r,r,-0.084380015
389,rpoB_OTU_225,AMF_OTU_141,0.079489458,0.079489458,r,A,-0.079489458
390,rpoB_OTU_225,AMF_OTU_52,0.002333631,0.002333631,r,A,-0.002333631
391,rpoB_OTU_232,rpoB_OTU_289,0.176027969,0.176027969,r,r,-0.176027969
392,rpoB_OTU_232,rpoB_OTU_314,0.289882591,0.289882591,r,r,-0.289882591
393,rpoB_OTU_232,rpoB_OTU_371,0.095774979,0.095774979,r,r,-0.095774979
394,rpoB_OTU_235,AMF_OTU_204,0.052570961,0.052570961,r,A,-0.052570961
395,rpoB_OTU_235,AMF_OTU_70,0.083279011,0.083279011,r,A,-0.083279011
396,rpoB_OTU_237,AMF_OTU_102,0.021386723,0.021386723,r,A,-0.021386723
397,rpoB_OTU_237,AMF_OTU_104,0.357731371,0.357731371,r,A,-0.357731371
398,rpoB_OTU_237,AMF_OTU_130,0.109188429,0.109188429,r,A,-0.109188429
399,rpoB_OTU_237,AMF_OTU_54,0.226503258,0.226503258,r,A,-0.226503258
400,rpoB_OTU_237,AMF_OTU_99,0.362768689,0.362768689,r,A,-0.362768689
401,rpoB_OTU_241,AMF_OTU_116,0.027950686,0.027950686,r,A,-0.027950686
402,rpoB_OTU_241,AMF_OTU_13,0.052025596,0.052025596,r,A,-0.052025596
403,rpoB_OTU_241,AMF_OTU_196,0.094806103,0.094806103,r,A,-0.094806103
404,rpoB_OTU_241,AMF_OTU_206,0.050033106,0.050033106,r,A,-0.050033106
405,rpoB_OTU_241,AMF_OTU_71,0.099059537,0.099059537,r,A,-0.099059537
406,rpoB_OTU_245,AMF_OTU_4,0.515774635,0.515774635,r,A,-0.515774635
407,rpoB_OTU_246,AMF_OTU_124,0.040550948,0.040550948,r,A,-0.040550948
408,rpoB_OTU_246,AMF_OTU_156,0.243979072,0.243979072,r,A,-0.243979072
409,rpoB_OTU_246,AMF_OTU_96,0.075184295,0.075184295,r,A,-0.075184295
410,rpoB_OTU_251,AMF_OTU_137,0.104541199,0.104541199,r,A,-0.104541199
411,rpoB_OTU_251,AMF_OTU_148,0.511995007,0.511995007,r,A,-0.511995007
412,rpoB_OTU_251,AMF_OTU_80,0.085918324,0.085918324,r,A,-0.085918324
413,rpoB_OTU_255,rpoB_OTU_313,0.200382343,0.200382343,r,r,-0.200382343
414,rpoB_OTU_255,AMF_OTU_136,0.07925312,0.07925312,r,A,-0.07925312
415,rpoB_OTU_255,AMF_OTU_1,-0.008146968,0.008146968,r,A,-0.008146968
416,rpoB_OTU_256,rpoB_OTU_283,0.014419552,0.014419552,r,r,-0.014419552
417,rpoB_OTU_256,AMF_OTU_101,0.242726995,0.242726995,r,A,-0.242726995
418,rpoB_OTU_256,AMF_OTU_10,0.066167642,0.066167642,r,A,-0.066167642
419,rpoB_OTU_256,AMF_OTU_181,0.067939133,0.067939133,r,A,-0.067939133
420,rpoB_OTU_256,AMF_OTU_183,0.015377232,0.015377232,r,A,-0.015377232
421,rpoB_OTU_256,AMF_OTU_3,0.008811042,0.008811042,r,A,-0.008811042
422,rpoB_OTU_256,AMF_OTU_98,0.019590885,0.019590885,r,A,-0.019590885
423,rpoB_OTU_257,rpoB_OTU_296,-0.002959536,0.002959536,r,r,-0.002959536
424,rpoB_OTU_260,AMF_OTU_165,0.004660936,0.004660936,r,A,-0.004660936
425,rpoB_OTU_260,AMF_OTU_44,0.038477154,0.038477154,r,A,-0.038477154
426,rpoB_OTU_261,rpoB_OTU_329,-0.042936886,0.042936886,r,r,-0.042936886
427,rpoB_OTU_261,AMF_OTU_152,0.01633866,0.01633866,r,A,-0.01633866
428,rpoB_OTU_261,AMF_OTU_169,0.114796498,0.114796498,r,A,-0.114796498
429,rpoB_OTU_261,AMF_OTU_64,0.002440306,0.002440306,r,A,-0.002440306
430,rpoB_OTU_265,rpoB_OTU_386,0.007936541,0.007936541,r,r,-0.007936541
431,rpoB_OTU_265,AMF_OTU_138,0.141680378,0.141680378,r,A,-0.141680378
432,rpoB_OTU_265,AMF_OTU_146,0.049799181,0.049799181,r,A,-0.049799181
433,rpoB_OTU_265,AMF_OTU_156,0.324510224,0.324510224,r,A,-0.324510224
434,rpoB_OTU_265,AMF_OTU_2,0.057494235,0.057494235,r,A,-0.057494235
435,rpoB_OTU_279,rpoB_OTU_286,0.194402641,0.194402641,r,r,-0.194402641
436,rpoB_OTU_281,rpoB_OTU_307,0.038020817,0.038020817,r,r,-0.038020817
437,rpoB_OTU_281,rpoB_OTU_309,5.37E-05,5.37E-05,r,r,-5.37E-05
438,rpoB_OTU_281,AMF_OTU_67,0.051010678,0.051010678,r,A,-0.051010678
439,rpoB_OTU_283,AMF_OTU_108,0.067108721,0.067108721,r,A,-0.067108721
440,rpoB_OTU_283,AMF_OTU_114,0.013682507,0.013682507,r,A,-0.013682507
441,rpoB_OTU_283,AMF_OTU_84,0.114130316,0.114130316,r,A,-0.114130316
442,rpoB_OTU_284,rpoB_OTU_290,0.013277375,0.013277375,r,r,-0.013277375
443,rpoB_OTU_284,rpoB_OTU_307,0.005192138,0.005192138,r,r,-0.005192138
444,rpoB_OTU_284,rpoB_OTU_310,0.04873014,0.04873014,r,r,-0.04873014
445,rpoB_OTU_284,AMF_OTU_12,0.013526586,0.013526586,r,A,-0.013526586
446,rpoB_OTU_284,AMF_OTU_141,0.014290367,0.014290367,r,A,-0.014290367
447,rpoB_OTU_284,AMF_OTU_15,0.004635342,0.004635342,r,A,-0.004635342
448,rpoB_OTU_284,AMF_OTU_178,0.057265714,0.057265714,r,A,-0.057265714
449,rpoB_OTU_286,rpoB_OTU_289,0.089161233,0.089161233,r,r,-0.089161233
450,rpoB_OTU_286,AMF_OTU_107,0.004420174,0.004420174,r,A,-0.004420174
451,rpoB_OTU_289,rpoB_OTU_298,0.0836015,0.0836015,r,r,-0.0836015
452,rpoB_OTU_290,rpoB_OTU_329,0.152883438,0.152883438,r,r,-0.152883438
453,rpoB_OTU_290,AMF_OTU_157,0.018585766,0.018585766,r,A,-0.018585766
454,rpoB_OTU_290,AMF_OTU_6,0.166329979,0.166329979,r,A,-0.166329979
455,rpoB_OTU_290,AMF_OTU_81,-0.005950902,0.005950902,r,A,-0.005950902
456,rpoB_OTU_290,AMF_OTU_88,0.102304192,0.102304192,r,A,-0.102304192
457,rpoB_OTU_296,rpoB_OTU_309,-0.143242019,0.143242019,r,r,-0.143242019
458,rpoB_OTU_296,AMF_OTU_26,0.058502523,0.058502523,r,A,-0.058502523
459,rpoB_OTU_296,AMF_OTU_7,-0.039443108,0.039443108,r,A,-0.039443108
460,rpoB_OTU_298,AMF_OTU_162,0.077698382,0.077698382,r,A,-0.077698382
461,rpoB_OTU_298,AMF_OTU_81,-0.098077001,0.098077001,r,A,-0.098077001
462,rpoB_OTU_299,AMF_OTU_154,0.102857598,0.102857598,r,A,-0.102857598
463,rpoB_OTU_299,AMF_OTU_20,0.069557626,0.069557626,r,A,-0.069557626
464,rpoB_OTU_299,AMF_OTU_3,0.060641844,0.060641844,r,A,-0.060641844
465,rpoB_OTU_299,AMF_OTU_97,0.043908746,0.043908746,r,A,-0.043908746
466,rpoB_OTU_306,rpoB_OTU_401,0.157286425,0.157286425,r,r,-0.157286425
467,rpoB_OTU_306,AMF_OTU_180,0.234579496,0.234579496,r,A,-0.234579496
468,rpoB_OTU_306,AMF_OTU_23,0.000109178,0.000109178,r,A,-0.000109178
469,rpoB_OTU_306,AMF_OTU_49,0.017006601,0.017006601,r,A,-0.017006601
470,rpoB_OTU_306,AMF_OTU_95,0.014455917,0.014455917,r,A,-0.014455917
471,rpoB_OTU_307,rpoB_OTU_371,0.039522037,0.039522037,r,r,-0.039522037
472,rpoB_OTU_310,rpoB_OTU_329,0.025227274,0.025227274,r,r,-0.025227274
473,rpoB_OTU_310,AMF_OTU_141,0.101586297,0.101586297,r,A,-0.101586297
474,rpoB_OTU_313,rpoB_OTU_364,0.041990077,0.041990077,r,r,-0.041990077
475,rpoB_OTU_313,AMF_OTU_135,0.257081696,0.257081696,r,A,-0.257081696
476,rpoB_OTU_313,AMF_OTU_24,0.033543685,0.033543685,r,A,-0.033543685
477,rpoB_OTU_314,rpoB_OTU_325,0.105564476,0.105564476,r,r,-0.105564476
478,rpoB_OTU_314,AMF_OTU_107,0.015034282,0.015034282,r,A,-0.015034282
479,rpoB_OTU_314,AMF_OTU_18,0.044852589,0.044852589,r,A,-0.044852589
480,rpoB_OTU_314,AMF_OTU_74,0.044074413,0.044074413,r,A,-0.044074413
481,rpoB_OTU_329,AMF_OTU_139,-0.004619695,0.004619695,r,A,-0.004619695
482,rpoB_OTU_329,AMF_OTU_32,0.081736237,0.081736237,r,A,-0.081736237
483,rpoB_OTU_329,AMF_OTU_98,-0.00782465,0.00782465,r,A,-0.00782465
484,rpoB_OTU_358,AMF_OTU_120,0.101517221,0.101517221,r,A,-0.101517221
485,rpoB_OTU_358,AMF_OTU_25,0.146764427,0.146764427,r,A,-0.146764427
486,rpoB_OTU_364,AMF_OTU_105,0.166766091,0.166766091,r,A,-0.166766091
487,rpoB_OTU_365,AMF_OTU_134,0.068017297,0.068017297,r,A,-0.068017297
488,rpoB_OTU_365,AMF_OTU_25,0.265646913,0.265646913,r,A,-0.265646913
489,rpoB_OTU_370,AMF_OTU_152,0.315733243,0.315733243,r,A,-0.315733243
490,rpoB_OTU_370,AMF_OTU_21,0.076803284,0.076803284,r,A,-0.076803284
491,rpoB_OTU_370,AMF_OTU_89,0.05675299,0.05675299,r,A,-0.05675299
492,rpoB_OTU_371,AMF_OTU_106,0.255640876,0.255640876,r,A,-0.255640876
493,rpoB_OTU_386,AMF_OTU_180,-0.00309629,0.00309629,r,A,-0.00309629
494,rpoB_OTU_386,AMF_OTU_7,0.326102426,0.326102426,r,A,-0.326102426
495,rpoB_OTU_401,AMF_OTU_107,0.120586867,0.120586867,r,A,-0.120586867
496,rpoB_OTU_401,AMF_OTU_147,0.351748371,0.351748371,r,A,-0.351748371
497,rpoB_OTU_401,AMF_OTU_19,0.026782283,0.026782283,r,A,-0.026782283
498,rpoB_OTU_421,AMF_OTU_113,0.016182771,0.016182771,r,A,-0.016182771
499,rpoB_OTU_421,AMF_OTU_201,-0.025904989,0.025904989,r,A,-0.025904989
500,rpoB_OTU_421,AMF_OTU_31,-0.008311272,0.008311272,r,A,-0.008311272
501,rpoB_OTU_421,AMF_OTU_32,0.043691252,0.043691252,r,A,-0.043691252
502,rpoB_OTU_421,AMF_OTU_74,-0.020078413,0.020078413,r,A,-0.020078413
503,AMF_OTU_101,AMF_OTU_111,0.152425385,0.152425385,A,A,-0.152425385
504,AMF_OTU_101,AMF_OTU_42,0.035906524,0.035906524,A,A,-0.035906524
505,AMF_OTU_101,AMF_OTU_83,0.133346127,0.133346127,A,A,-0.133346127
506,AMF_OTU_102,AMF_OTU_93,0.551573753,0.551573753,A,A,-0.551573753
507,AMF_OTU_103,AMF_OTU_150,0.074814305,0.074814305,A,A,-0.074814305
508,AMF_OTU_103,AMF_OTU_177,0.076875985,0.076875985,A,A,-0.076875985
509,AMF_OTU_103,AMF_OTU_22,0.193820774,0.193820774,A,A,-0.193820774
510,AMF_OTU_104,AMF_OTU_135,0.02974627,0.02974627,A,A,-0.02974627
511,AMF_OTU_104,AMF_OTU_99,0.001476146,0.001476146,A,A,-0.001476146
512,AMF_OTU_105,AMF_OTU_149,0.004531804,0.004531804,A,A,-0.004531804
513,AMF_OTU_105,AMF_OTU_22,0.106488772,0.106488772,A,A,-0.106488772
514,AMF_OTU_105,AMF_OTU_23,0.047362669,0.047362669,A,A,-0.047362669
515,AMF_OTU_106,AMF_OTU_43,0.294113062,0.294113062,A,A,-0.294113062
516,AMF_OTU_107,AMF_OTU_130,0.129856259,0.129856259,A,A,-0.129856259
517,AMF_OTU_107,AMF_OTU_9,0.059821799,0.059821799,A,A,-0.059821799
518,AMF_OTU_10,AMF_OTU_124,0.001669912,0.001669912,A,A,-0.001669912
519,AMF_OTU_10,AMF_OTU_135,0.006863007,0.006863007,A,A,-0.006863007
520,AMF_OTU_10,AMF_OTU_139,0.02489753,0.02489753,A,A,-0.02489753
521,AMF_OTU_10,AMF_OTU_159,0.308755773,0.308755773,A,A,-0.308755773
522,AMF_OTU_10,AMF_OTU_58,-0.01236314,0.01236314,A,A,-0.01236314
523,AMF_OTU_108,AMF_OTU_167,0.162650555,0.162650555,A,A,-0.162650555
524,AMF_OTU_108,AMF_OTU_84,0.513682914,0.513682914,A,A,-0.513682914
525,AMF_OTU_109,AMF_OTU_161,0.075784701,0.075784701,A,A,-0.075784701
526,AMF_OTU_109,AMF_OTU_166,0.196336207,0.196336207,A,A,-0.196336207
527,AMF_OTU_109,AMF_OTU_189,0.075663111,0.075663111,A,A,-0.075663111
528,AMF_OTU_109,AMF_OTU_190,0.008622764,0.008622764,A,A,-0.008622764
529,AMF_OTU_109,AMF_OTU_1,0.184527517,0.184527517,A,A,-0.184527517
530,AMF_OTU_109,AMF_OTU_198,-0.003073881,0.003073881,A,A,-0.003073881
531,AMF_OTU_110,AMF_OTU_184,0.140676445,0.140676445,A,A,-0.140676445
532,AMF_OTU_110,AMF_OTU_195,0.191431575,0.191431575,A,A,-0.191431575
533,AMF_OTU_110,AMF_OTU_55,0.457195301,0.457195301,A,A,-0.457195301
534,AMF_OTU_110,AMF_OTU_68,0.02796912,0.02796912,A,A,-0.02796912
535,AMF_OTU_111,AMF_OTU_137,0.07147208,0.07147208,A,A,-0.07147208
536,AMF_OTU_111,AMF_OTU_144,0.011070941,0.011070941,A,A,-0.011070941
537,AMF_OTU_111,AMF_OTU_145,0.661798926,0.661798926,A,A,-0.661798926
538,AMF_OTU_111,AMF_OTU_192,0.187719307,0.187719307,A,A,-0.187719307
539,AMF_OTU_111,AMF_OTU_39,0.020577531,0.020577531,A,A,-0.020577531
540,AMF_OTU_112,AMF_OTU_128,0.139807902,0.139807902,A,A,-0.139807902
541,AMF_OTU_112,AMF_OTU_155,0.168187446,0.168187446,A,A,-0.168187446
542,AMF_OTU_112,AMF_OTU_169,0.345115311,0.345115311,A,A,-0.345115311
543,AMF_OTU_113,AMF_OTU_177,0.330814826,0.330814826,A,A,-0.330814826
544,AMF_OTU_113,AMF_OTU_50,0.159255502,0.159255502,A,A,-0.159255502
545,AMF_OTU_113,AMF_OTU_91,0.083078405,0.083078405,A,A,-0.083078405
546,AMF_OTU_11,AMF_OTU_59,0.026906931,0.026906931,A,A,-0.026906931
547,AMF_OTU_11,AMF_OTU_76,0.158266231,0.158266231,A,A,-0.158266231
548,AMF_OTU_11,AMF_OTU_91,0.118976292,0.118976292,A,A,-0.118976292
549,AMF_OTU_114,AMF_OTU_139,0.023188406,0.023188406,A,A,-0.023188406
550,AMF_OTU_114,AMF_OTU_67,0.0534199,0.0534199,A,A,-0.0534199
551,AMF_OTU_114,AMF_OTU_72,0.053125422,0.053125422,A,A,-0.053125422
552,AMF_OTU_114,AMF_OTU_84,0.044184378,0.044184378,A,A,-0.044184378
553,AMF_OTU_114,AMF_OTU_87,0.414097406,0.414097406,A,A,-0.414097406
554,AMF_OTU_116,AMF_OTU_130,0.005838379,0.005838379,A,A,-0.005838379
555,AMF_OTU_116,AMF_OTU_135,0.110632072,0.110632072,A,A,-0.110632072
556,AMF_OTU_116,AMF_OTU_43,0.058024714,0.058024714,A,A,-0.058024714
557,AMF_OTU_116,AMF_OTU_79,0.271579205,0.271579205,A,A,-0.271579205
558,AMF_OTU_117,AMF_OTU_131,0.213680764,0.213680764,A,A,-0.213680764
559,AMF_OTU_117,AMF_OTU_155,0.048206852,0.048206852,A,A,-0.048206852
560,AMF_OTU_117,AMF_OTU_169,0.358260287,0.358260287,A,A,-0.358260287
561,AMF_OTU_117,AMF_OTU_170,0.151155003,0.151155003,A,A,-0.151155003
562,AMF_OTU_117,AMF_OTU_182,0.024596903,0.024596903,A,A,-0.024596903
563,AMF_OTU_117,AMF_OTU_199,0.100799854,0.100799854,A,A,-0.100799854
564,AMF_OTU_119,AMF_OTU_138,0.075290587,0.075290587,A,A,-0.075290587
565,AMF_OTU_119,AMF_OTU_2,0.594430545,0.594430545,A,A,-0.594430545
566,AMF_OTU_120,AMF_OTU_25,0.124778336,0.124778336,A,A,-0.124778336
567,AMF_OTU_120,AMF_OTU_92,0.463312867,0.463312867,A,A,-0.463312867
568,AMF_OTU_121,AMF_OTU_179,0.038728103,0.038728103,A,A,-0.038728103
569,AMF_OTU_121,AMF_OTU_19,0.470408069,0.470408069,A,A,-0.470408069
570,AMF_OTU_121,AMF_OTU_80,0.246783782,0.246783782,A,A,-0.246783782
571,AMF_OTU_12,AMF_OTU_56,0.0328409,0.0328409,A,A,-0.0328409
572,AMF_OTU_12,AMF_OTU_88,0.333772019,0.333772019,A,A,-0.333772019
573,AMF_OTU_124,AMF_OTU_56,0.005405173,0.005405173,A,A,-0.005405173
574,AMF_OTU_124,AMF_OTU_96,0.277383316,0.277383316,A,A,-0.277383316
575,AMF_OTU_125,AMF_OTU_171,0.332678817,0.332678817,A,A,-0.332678817
576,AMF_OTU_125,AMF_OTU_30,0.659674419,0.659674419,A,A,-0.659674419
577,AMF_OTU_125,AMF_OTU_62,0.078670956,0.078670956,A,A,-0.078670956
578,AMF_OTU_125,AMF_OTU_87,0.071757072,0.071757072,A,A,-0.071757072
579,AMF_OTU_127,AMF_OTU_64,0.059566914,0.059566914,A,A,-0.059566914
580,AMF_OTU_127,AMF_OTU_79,0.06698327,0.06698327,A,A,-0.06698327
581,AMF_OTU_127,AMF_OTU_82,0.151658803,0.151658803,A,A,-0.151658803
582,AMF_OTU_127,AMF_OTU_86,0.056285462,0.056285462,A,A,-0.056285462
583,AMF_OTU_127,AMF_OTU_99,0.043546066,0.043546066,A,A,-0.043546066
584,AMF_OTU_128,AMF_OTU_169,0.127691406,0.127691406,A,A,-0.127691406
585,AMF_OTU_128,AMF_OTU_180,0.082820096,0.082820096,A,A,-0.082820096
586,AMF_OTU_128,AMF_OTU_8,0.204261177,0.204261177,A,A,-0.204261177
587,AMF_OTU_130,AMF_OTU_146,0.429641714,0.429641714,A,A,-0.429641714
588,AMF_OTU_130,AMF_OTU_9,0.167427905,0.167427905,A,A,-0.167427905
589,AMF_OTU_13,AMF_OTU_137,0.119343434,0.119343434,A,A,-0.119343434
590,AMF_OTU_13,AMF_OTU_15,0.014246414,0.014246414,A,A,-0.014246414
591,AMF_OTU_13,AMF_OTU_36,0.270150083,0.270150083,A,A,-0.270150083
592,AMF_OTU_131,AMF_OTU_133,0.436375911,0.436375911,A,A,-0.436375911
593,AMF_OTU_131,AMF_OTU_199,0.213288894,0.213288894,A,A,-0.213288894
594,AMF_OTU_131,AMF_OTU_5,0.372692666,0.372692666,A,A,-0.372692666
595,AMF_OTU_133,AMF_OTU_143,0.327694381,0.327694381,A,A,-0.327694381
596,AMF_OTU_134,AMF_OTU_154,0.102855948,0.102855948,A,A,-0.102855948
597,AMF_OTU_134,AMF_OTU_194,0.169817033,0.169817033,A,A,-0.169817033
598,AMF_OTU_134,AMF_OTU_60,0.021898279,0.021898279,A,A,-0.021898279
599,AMF_OTU_134,AMF_OTU_76,0.025627178,0.025627178,A,A,-0.025627178
600,AMF_OTU_134,AMF_OTU_91,0.663601043,0.663601043,A,A,-0.663601043
601,AMF_OTU_135,AMF_OTU_72,0.202013584,0.202013584,A,A,-0.202013584
602,AMF_OTU_136,AMF_OTU_55,0.29845226,0.29845226,A,A,-0.29845226
603,AMF_OTU_136,AMF_OTU_68,0.020608837,0.020608837,A,A,-0.020608837
604,AMF_OTU_137,AMF_OTU_47,0.097853236,0.097853236,A,A,-0.097853236
605,AMF_OTU_138,AMF_OTU_156,0.022820161,0.022820161,A,A,-0.022820161
606,AMF_OTU_139,AMF_OTU_180,0.041235547,0.041235547,A,A,-0.041235547
607,AMF_OTU_139,AMF_OTU_77,0.607977031,0.607977031,A,A,-0.607977031
608,AMF_OTU_140,AMF_OTU_59,0.438230492,0.438230492,A,A,-0.438230492
609,AMF_OTU_14,AMF_OTU_158,0.277747328,0.277747328,A,A,-0.277747328
610,AMF_OTU_14,AMF_OTU_17,0.084942611,0.084942611,A,A,-0.084942611
611,AMF_OTU_14,AMF_OTU_46,0.021637656,0.021637656,A,A,-0.021637656
612,AMF_OTU_14,AMF_OTU_57,0.131193435,0.131193435,A,A,-0.131193435
613,AMF_OTU_141,AMF_OTU_150,0.454700988,0.454700988,A,A,-0.454700988
614,AMF_OTU_141,AMF_OTU_37,0.326358669,0.326358669,A,A,-0.326358669
615,AMF_OTU_141,AMF_OTU_43,0.133101479,0.133101479,A,A,-0.133101479
616,AMF_OTU_141,AMF_OTU_52,0.073285282,0.073285282,A,A,-0.073285282
617,AMF_OTU_141,AMF_OTU_88,0.421881438,0.421881438,A,A,-0.421881438
618,AMF_OTU_142,AMF_OTU_176,0.324003366,0.324003366,A,A,-0.324003366
619,AMF_OTU_142,AMF_OTU_49,0.112551557,0.112551557,A,A,-0.112551557
620,AMF_OTU_143,AMF_OTU_149,0.187597671,0.187597671,A,A,-0.187597671
621,AMF_OTU_143,AMF_OTU_35,0.133693699,0.133693699,A,A,-0.133693699
622,AMF_OTU_143,AMF_OTU_8,0.223484351,0.223484351,A,A,-0.223484351
623,AMF_OTU_144,AMF_OTU_167,0.023592412,0.023592412,A,A,-0.023592412
624,AMF_OTU_144,AMF_OTU_195,0.101089384,0.101089384,A,A,-0.101089384
625,AMF_OTU_144,AMF_OTU_7,0.356933329,0.356933329,A,A,-0.356933329
626,AMF_OTU_145,AMF_OTU_167,0.270232505,0.270232505,A,A,-0.270232505
627,AMF_OTU_145,AMF_OTU_39,0.247944004,0.247944004,A,A,-0.247944004
628,AMF_OTU_147,AMF_OTU_19,0.378812524,0.378812524,A,A,-0.378812524
629,AMF_OTU_148,AMF_OTU_38,0.001370616,0.001370616,A,A,-0.001370616
630,AMF_OTU_149,AMF_OTU_161,0.143447053,0.143447053,A,A,-0.143447053
631,AMF_OTU_149,AMF_OTU_23,0.102702192,0.102702192,A,A,-0.102702192
632,AMF_OTU_150,AMF_OTU_157,0.105840989,0.105840989,A,A,-0.105840989
633,AMF_OTU_152,AMF_OTU_21,0.062068663,0.062068663,A,A,-0.062068663
634,AMF_OTU_152,AMF_OTU_29,0.299216686,0.299216686,A,A,-0.299216686
635,AMF_OTU_152,AMF_OTU_89,0.162105315,0.162105315,A,A,-0.162105315
636,AMF_OTU_153,AMF_OTU_41,0.482043755,0.482043755,A,A,-0.482043755
637,AMF_OTU_153,AMF_OTU_73,0.121691213,0.121691213,A,A,-0.121691213
638,AMF_OTU_153,AMF_OTU_81,0.049249858,0.049249858,A,A,-0.049249858
639,AMF_OTU_154,AMF_OTU_178,0.137039534,0.137039534,A,A,-0.137039534
640,AMF_OTU_154,AMF_OTU_194,0.116077324,0.116077324,A,A,-0.116077324
641,AMF_OTU_155,AMF_OTU_64,0.152620876,0.152620876,A,A,-0.152620876
642,AMF_OTU_15,AMF_OTU_196,0.236460895,0.236460895,A,A,-0.236460895
643,AMF_OTU_15,AMF_OTU_36,0.173020915,0.173020915,A,A,-0.173020915
644,AMF_OTU_15,AMF_OTU_56,0.162733298,0.162733298,A,A,-0.162733298
645,AMF_OTU_157,AMF_OTU_6,0.014336133,0.014336133,A,A,-0.014336133
646,AMF_OTU_157,AMF_OTU_9,0.287511953,0.287511953,A,A,-0.287511953
647,AMF_OTU_158,AMF_OTU_46,0.166177201,0.166177201,A,A,-0.166177201
648,AMF_OTU_158,AMF_OTU_69,0.36232552,0.36232552,A,A,-0.36232552
649,AMF_OTU_158,AMF_OTU_85,0.049805421,0.049805421,A,A,-0.049805421
650,AMF_OTU_158,AMF_OTU_9,0.226767664,0.226767664,A,A,-0.226767664
651,AMF_OTU_159,AMF_OTU_183,0.039523471,0.039523471,A,A,-0.039523471
652,AMF_OTU_159,AMF_OTU_198,0.064666539,0.064666539,A,A,-0.064666539
653,AMF_OTU_159,AMF_OTU_20,0.027842486,0.027842486,A,A,-0.027842486
654,AMF_OTU_159,AMF_OTU_203,0.100964842,0.100964842,A,A,-0.100964842
655,AMF_OTU_159,AMF_OTU_41,0.16617839,0.16617839,A,A,-0.16617839
656,AMF_OTU_159,AMF_OTU_90,0.027887887,0.027887887,A,A,-0.027887887
657,AMF_OTU_159,AMF_OTU_97,0.039687724,0.039687724,A,A,-0.039687724
658,AMF_OTU_159,AMF_OTU_98,0.02441784,0.02441784,A,A,-0.02441784
659,AMF_OTU_16,AMF_OTU_27,0.187811598,0.187811598,A,A,-0.187811598
660,AMF_OTU_16,AMF_OTU_32,0.107536584,0.107536584,A,A,-0.107536584
661,AMF_OTU_16,AMF_OTU_47,0.061027669,0.061027669,A,A,-0.061027669
662,AMF_OTU_16,AMF_OTU_51,0.11652289,0.11652289,A,A,-0.11652289
663,AMF_OTU_16,AMF_OTU_88,0.010135352,0.010135352,A,A,-0.010135352
664,AMF_OTU_161,AMF_OTU_190,0.270608174,0.270608174,A,A,-0.270608174
665,AMF_OTU_161,AMF_OTU_29,0.052525543,0.052525543,A,A,-0.052525543
666,AMF_OTU_161,AMF_OTU_35,0.08535161,0.08535161,A,A,-0.08535161
667,AMF_OTU_162,AMF_OTU_171,0.00909475,0.00909475,A,A,-0.00909475
668,AMF_OTU_162,AMF_OTU_178,0.085188363,0.085188363,A,A,-0.085188363
669,AMF_OTU_162,AMF_OTU_183,0.03720248,0.03720248,A,A,-0.03720248
670,AMF_OTU_162,AMF_OTU_42,0.06298823,0.06298823,A,A,-0.06298823
671,AMF_OTU_165,AMF_OTU_172,0.055174388,0.055174388,A,A,-0.055174388
672,AMF_OTU_165,AMF_OTU_189,0.054262671,0.054262671,A,A,-0.054262671
673,AMF_OTU_165,AMF_OTU_37,0.1622302,0.1622302,A,A,-0.1622302
674,AMF_OTU_165,AMF_OTU_44,0.083836939,0.083836939,A,A,-0.083836939
675,AMF_OTU_165,AMF_OTU_58,0.008887111,0.008887111,A,A,-0.008887111
676,AMF_OTU_166,AMF_OTU_192,0.110829822,0.110829822,A,A,-0.110829822
677,AMF_OTU_166,AMF_OTU_62,0.090689975,0.090689975,A,A,-0.090689975
678,AMF_OTU_167,AMF_OTU_47,0.202577747,0.202577747,A,A,-0.202577747
679,AMF_OTU_170,AMF_OTU_190,0.338554338,0.338554338,A,A,-0.338554338
680,AMF_OTU_170,AMF_OTU_5,0.001705943,0.001705943,A,A,-0.001705943
681,AMF_OTU_171,AMF_OTU_184,0.035141207,0.035141207,A,A,-0.035141207
682,AMF_OTU_172,AMF_OTU_190,0.252045727,0.252045727,A,A,-0.252045727
683,AMF_OTU_172,AMF_OTU_44,0.051666583,0.051666583,A,A,-0.051666583
684,AMF_OTU_172,AMF_OTU_58,0.028162422,0.028162422,A,A,-0.028162422
685,AMF_OTU_173,AMF_OTU_182,0.448958269,0.448958269,A,A,-0.448958269
686,AMF_OTU_173,AMF_OTU_23,0.063557423,0.063557423,A,A,-0.063557423
687,AMF_OTU_173,AMF_OTU_8,0.035565808,0.035565808,A,A,-0.035565808
688,AMF_OTU_175,AMF_OTU_188,0.041942276,0.041942276,A,A,-0.041942276
689,AMF_OTU_176,AMF_OTU_186,0.66320053,0.66320053,A,A,-0.66320053
690,AMF_OTU_177,AMF_OTU_52,0.385527304,0.385527304,A,A,-0.385527304
691,AMF_OTU_17,AMF_OTU_42,0.065255947,0.065255947,A,A,-0.065255947
692,AMF_OTU_17,AMF_OTU_6,0.001941272,0.001941272,A,A,-0.001941272
693,AMF_OTU_17,AMF_OTU_85,0.086586089,0.086586089,A,A,-0.086586089
694,AMF_OTU_17,AMF_OTU_9,0.022478386,0.022478386,A,A,-0.022478386
695,AMF_OTU_178,AMF_OTU_33,0.330115059,0.330115059,A,A,-0.330115059
696,AMF_OTU_179,AMF_OTU_26,0.113362041,0.113362041,A,A,-0.113362041
697,AMF_OTU_18,AMF_OTU_24,0.034781345,0.034781345,A,A,-0.034781345
698,AMF_OTU_18,AMF_OTU_28,0.231654747,0.231654747,A,A,-0.231654747
699,AMF_OTU_18,AMF_OTU_34,0.526851688,0.526851688,A,A,-0.526851688
700,AMF_OTU_18,AMF_OTU_38,0.230037623,0.230037623,A,A,-0.230037623
701,AMF_OTU_181,AMF_OTU_3,0.385997706,0.385997706,A,A,-0.385997706
702,AMF_OTU_183,AMF_OTU_198,0.023983347,0.023983347,A,A,-0.023983347
703,AMF_OTU_183,AMF_OTU_42,0.230786661,0.230786661,A,A,-0.230786661
704,AMF_OTU_183,AMF_OTU_95,0.084965853,0.084965853,A,A,-0.084965853
705,AMF_OTU_183,AMF_OTU_97,0.046180998,0.046180998,A,A,-0.046180998
706,AMF_OTU_183,AMF_OTU_98,0.002539231,0.002539231,A,A,-0.002539231
707,AMF_OTU_184,AMF_OTU_198,0.193702452,0.193702452,A,A,-0.193702452
708,AMF_OTU_184,AMF_OTU_28,0.017423407,0.017423407,A,A,-0.017423407
709,AMF_OTU_184,AMF_OTU_30,0.04566296,0.04566296,A,A,-0.04566296
710,AMF_OTU_186,AMF_OTU_189,0.326174364,0.326174364,A,A,-0.326174364
711,AMF_OTU_186,AMF_OTU_206,0.318405074,0.318405074,A,A,-0.318405074
712,AMF_OTU_186,AMF_OTU_71,0.159845408,0.159845408,A,A,-0.159845408
713,AMF_OTU_186,AMF_OTU_90,0.222711967,0.222711967,A,A,-0.222711967
714,AMF_OTU_188,AMF_OTU_65,0.659556248,0.659556248,A,A,-0.659556248
715,AMF_OTU_189,AMF_OTU_190,0.132968148,0.132968148,A,A,-0.132968148
716,AMF_OTU_192,AMF_OTU_206,0.17664454,0.17664454,A,A,-0.17664454
717,AMF_OTU_192,AMF_OTU_58,0.047698717,0.047698717,A,A,-0.047698717
718,AMF_OTU_1,AMF_OTU_57,0.018147122,0.018147122,A,A,-0.018147122
719,AMF_OTU_1,AMF_OTU_60,0.119442873,0.119442873,A,A,-0.119442873
720,AMF_OTU_1,AMF_OTU_62,0.134652155,0.134652155,A,A,-0.134652155
721,AMF_OTU_194,AMF_OTU_63,0.181632584,0.181632584,A,A,-0.181632584
722,AMF_OTU_194,AMF_OTU_81,0.009939195,0.009939195,A,A,-0.009939195
723,AMF_OTU_19,AMF_OTU_49,0.241052959,0.241052959,A,A,-0.241052959
724,AMF_OTU_19,AMF_OTU_80,0.077616332,0.077616332,A,A,-0.077616332
725,AMF_OTU_195,AMF_OTU_7,0.178833242,0.178833242,A,A,-0.178833242
726,AMF_OTU_196,AMF_OTU_81,-0.010500597,0.010500597,A,A,-0.010500597
727,AMF_OTU_198,AMF_OTU_97,0.003826395,0.003826395,A,A,-0.003826395
728,AMF_OTU_198,AMF_OTU_98,0.266022814,0.266022814,A,A,-0.266022814
729,AMF_OTU_20,AMF_OTU_3,0.468764774,0.468764774,A,A,-0.468764774
730,AMF_OTU_20,AMF_OTU_81,0.073460649,0.073460649,A,A,-0.073460649
731,AMF_OTU_20,AMF_OTU_97,0.255401654,0.255401654,A,A,-0.255401654
732,AMF_OTU_201,AMF_OTU_68,0.006654951,0.006654951,A,A,-0.006654951
733,AMF_OTU_201,AMF_OTU_71,0.407533615,0.407533615,A,A,-0.407533615
734,AMF_OTU_203,AMF_OTU_31,0.179969102,0.179969102,A,A,-0.179969102
735,AMF_OTU_203,AMF_OTU_56,0.004285918,0.004285918,A,A,-0.004285918
736,AMF_OTU_203,AMF_OTU_57,0.153382434,0.153382434,A,A,-0.153382434
737,AMF_OTU_204,AMF_OTU_27,0.098948608,0.098948608,A,A,-0.098948608
738,AMF_OTU_204,AMF_OTU_70,0.046917659,0.046917659,A,A,-0.046917659
739,AMF_OTU_204,AMF_OTU_75,0.450525525,0.450525525,A,A,-0.450525525
740,AMF_OTU_21,AMF_OTU_29,0.024774103,0.024774103,A,A,-0.024774103
741,AMF_OTU_21,AMF_OTU_69,0.121768561,0.121768561,A,A,-0.121768561
742,AMF_OTU_21,AMF_OTU_89,0.012387938,0.012387938,A,A,-0.012387938
743,AMF_OTU_22,AMF_OTU_66,0.453558016,0.453558016,A,A,-0.453558016
744,AMF_OTU_23,AMF_OTU_8,0.25439339,0.25439339,A,A,-0.25439339
745,AMF_OTU_24,AMF_OTU_55,0.278516969,0.278516969,A,A,-0.278516969
746,AMF_OTU_26,AMF_OTU_50,0.062347627,0.062347627,A,A,-0.062347627
747,AMF_OTU_26,AMF_OTU_76,0.111240999,0.111240999,A,A,-0.111240999
748,AMF_OTU_26,AMF_OTU_95,0.113984663,0.113984663,A,A,-0.113984663
749,AMF_OTU_27,AMF_OTU_73,0.10575802,0.10575802,A,A,-0.10575802
750,AMF_OTU_27,AMF_OTU_75,0.091792798,0.091792798,A,A,-0.091792798
751,AMF_OTU_28,AMF_OTU_55,0.178719316,0.178719316,A,A,-0.178719316
752,AMF_OTU_28,AMF_OTU_74,0.028676035,0.028676035,A,A,-0.028676035
753,AMF_OTU_29,AMF_OTU_35,0.137507517,0.137507517,A,A,-0.137507517
754,AMF_OTU_30,AMF_OTU_42,0.051058316,0.051058316,A,A,-0.051058316
755,AMF_OTU_30,AMF_OTU_57,0.067550384,0.067550384,A,A,-0.067550384
756,AMF_OTU_30,AMF_OTU_62,0.138825429,0.138825429,A,A,-0.138825429
757,AMF_OTU_31,AMF_OTU_53,0.229230235,0.229230235,A,A,-0.229230235
758,AMF_OTU_31,AMF_OTU_56,0.282112802,0.282112802,A,A,-0.282112802
759,AMF_OTU_3,AMF_OTU_83,0.035319288,0.035319288,A,A,-0.035319288
760,AMF_OTU_32,AMF_OTU_6,0.362490774,0.362490774,A,A,-0.362490774
761,AMF_OTU_33,AMF_OTU_36,0.663569918,0.663569918,A,A,-0.663569918
762,AMF_OTU_35,AMF_OTU_5,0.151453463,0.151453463,A,A,-0.151453463
763,AMF_OTU_38,AMF_OTU_80,0.001089866,0.001089866,A,A,-0.001089866
764,AMF_OTU_38,AMF_OTU_95,0.12986914,0.12986914,A,A,-0.12986914
765,AMF_OTU_39,AMF_OTU_8,0.020091932,0.020091932,A,A,-0.020091932
766,AMF_OTU_40,AMF_OTU_58,0.174171894,0.174171894,A,A,-0.174171894
767,AMF_OTU_40,AMF_OTU_65,0.239281545,0.239281545,A,A,-0.239281545
768,AMF_OTU_40,AMF_OTU_75,0.108864197,0.108864197,A,A,-0.108864197
769,AMF_OTU_41,AMF_OTU_77,0.002632702,0.002632702,A,A,-0.002632702
770,AMF_OTU_42,AMF_OTU_57,0.081944322,0.081944322,A,A,-0.081944322
771,AMF_OTU_43,AMF_OTU_52,0.108707463,0.108707463,A,A,-0.108707463
772,AMF_OTU_43,AMF_OTU_88,0.024685338,0.024685338,A,A,-0.024685338
773,AMF_OTU_44,AMF_OTU_69,0.058695101,0.058695101,A,A,-0.058695101
774,AMF_OTU_44,AMF_OTU_75,0.305028319,0.305028319,A,A,-0.305028319
775,AMF_OTU_46,AMF_OTU_50,0.254077296,0.254077296,A,A,-0.254077296
776,AMF_OTU_46,AMF_OTU_76,0.031206954,0.031206954,A,A,-0.031206954
777,AMF_OTU_46,AMF_OTU_85,0.007578473,0.007578473,A,A,-0.007578473
778,AMF_OTU_47,AMF_OTU_51,0.020271547,0.020271547,A,A,-0.020271547
779,AMF_OTU_51,AMF_OTU_73,0.128059868,0.128059868,A,A,-0.128059868
780,AMF_OTU_51,AMF_OTU_81,0.06192553,0.06192553,A,A,-0.06192553
781,AMF_OTU_53,AMF_OTU_57,0.034223986,0.034223986,A,A,-0.034223986
782,AMF_OTU_53,AMF_OTU_59,0.136955135,0.136955135,A,A,-0.136955135
783,AMF_OTU_53,AMF_OTU_78,0.166425256,0.166425256,A,A,-0.166425256
784,AMF_OTU_54,AMF_OTU_61,0.166789133,0.166789133,A,A,-0.166789133
785,AMF_OTU_54,AMF_OTU_79,0.092684414,0.092684414,A,A,-0.092684414
786,AMF_OTU_55,AMF_OTU_68,0.509678133,0.509678133,A,A,-0.509678133
787,AMF_OTU_55,AMF_OTU_74,0.234975813,0.234975813,A,A,-0.234975813
788,AMF_OTU_56,AMF_OTU_57,0.017985983,0.017985983,A,A,-0.017985983
789,AMF_OTU_56,AMF_OTU_59,0.088026933,0.088026933,A,A,-0.088026933
790,AMF_OTU_56,AMF_OTU_94,0.463441989,0.463441989,A,A,-0.463441989
791,AMF_OTU_60,AMF_OTU_63,0.593139259,0.593139259,A,A,-0.593139259
792,AMF_OTU_61,AMF_OTU_79,0.117700923,0.117700923,A,A,-0.117700923
793,AMF_OTU_61,AMF_OTU_82,0.018132336,0.018132336,A,A,-0.018132336
794,AMF_OTU_61,AMF_OTU_93,0.172600219,0.172600219,A,A,-0.172600219
795,AMF_OTU_64,AMF_OTU_82,0.135575015,0.135575015,A,A,-0.135575015
796,AMF_OTU_67,AMF_OTU_72,0.512497682,0.512497682,A,A,-0.512497682
797,AMF_OTU_70,AMF_OTU_73,0.080693998,0.080693998,A,A,-0.080693998
798,AMF_OTU_70,AMF_OTU_77,0.064096857,0.064096857,A,A,-0.064096857
799,AMF_OTU_70,AMF_OTU_84,0.00472879,0.00472879,A,A,-0.00472879
800,AMF_OTU_73,AMF_OTU_75,0.458734004,0.458734004,A,A,-0.458734004
801,AMF_OTU_76,AMF_OTU_91,0.292293771,0.292293771,A,A,-0.292293771
802,AMF_OTU_78,AMF_OTU_85,0.572758094,0.572758094,A,A,-0.572758094
803,AMF_OTU_79,AMF_OTU_82,0.456699537,0.456699537,A,A,-0.456699537
804,AMF_OTU_79,AMF_OTU_86,0.454078922,0.454078922,A,A,-0.454078922
805,AMF_OTU_79,AMF_OTU_96,0.168304854,0.168304854,A,A,-0.168304854
806,AMF_OTU_79,AMF_OTU_99,0.163778748,0.163778748,A,A,-0.163778748
807,AMF_OTU_80,AMF_OTU_95,0.401960641,0.401960641,A,A,-0.401960641
808,AMF_OTU_82,AMF_OTU_96,0.161064915,0.161064915,A,A,-0.161064915
809,AMF_OTU_82,AMF_OTU_99,0.149311882,0.149311882,A,A,-0.149311882
810,AMF_OTU_83,AMF_OTU_98,0.121113665,0.121113665,A,A,-0.121113665
811,AMF_OTU_89,AMF_OTU_92,0.300261471,0.300261471,A,A,-0.300261471
812,AMF_OTU_90,AMF_OTU_98,0.081121568,0.081121568,A,A,-0.081121568
813,AMF_OTU_97,AMF_OTU_98,0.244444083,0.244444083,A,A,-0.244444083
